Forename,Surname,Name (Display As),Name (List As),Party,Constituency,Address 1,Address 2,Postcode,Email
Diane,Abbott,Ms Diane Abbott,"Abbott, Ms Diane",Labour,Hackney North and Stoke Newington,House of Commons,London,SW1A 0AA,diane.abbott.office@parliament.uk
Jack,Abbott,Jack Abbott,"Abbott, Jack",Labour (Co-op),Ipswich,House of Commons,London,SW1A 0AA,jack.abbott.mp@parliament.uk
Debbie,Abrahams,Debbie Abrahams,"Abrahams, Debbie",Labour,Oldham East and Saddleworth,House of Commons,London,SW1A 0AA,abrahamsd@parliament.uk
Shockat,Adam,Shockat Adam,"Adam, Shockat",Independent,Leicester South,House of Commons,London,SW1A 0AA,shockat.adam.mp@parliament.uk
Zubir,Ahmed,Dr Zubir Ahmed,"Ahmed, Dr Zubir",Labour,Glasgow South West,House of Commons,London,SW1A 0AA,zubir.ahmed.mp@parliament.uk
Luke,Akehurst,Luke Akehurst,"Akehurst, Luke",Labour,North Durham,House of Commons,London,SW1A 0AA,luke.akehurst.mp@parliament.uk
Bayo,Alaba,Mr Bayo Alaba,"Alaba, Mr Bayo",Labour,Southend East and Rochford,House of Commons,London,SW1A 0AA,bayo.alaba.mp@parliament.uk
Dan,Aldridge,Dan Aldridge,"Aldridge, Dan",Labour,Weston-super-Mare,House of Commons,London,SW1A 0AA,daniel.aldridge.mp@parliament.uk
Douglas,Alexander,Mr Douglas Alexander,"Alexander, Mr Douglas",Labour (Co-op),Lothian East,House of Commons,London,SW1A 0AA,douglas.alexander.mp@parliament.uk
Heidi,Alexander,Heidi Alexander,"Alexander, Heidi",Labour,Swindon South,House of Commons,London,SW1A 0AA,heidi.alexander.mp@parliament.uk
Sadik,Al-Hassan,Sadik Al-Hassan,"Al-Hassan, Sadik",Labour,North Somerset,House of Commons,London,SW1A 0AA,sadik.alhassan.mp@parliament.uk
Rushanara,Ali,Rushanara Ali,"Ali, Rushanara",Labour,Bethnal Green and Stepney,House of Commons,London,SW1A 0AA,rushanara.ali.mp@parliament.uk
Tahir,Ali,Tahir Ali,"Ali, Tahir",Labour,Birmingham Hall Green and Moseley,House of Commons,London,SW1A 0AA,tahir.ali.mp@parliament.uk
Rosena,Allin-Khan,Dr Rosena Allin-Khan,"Allin-Khan, Dr Rosena",Labour,Tooting,House of Commons,London,SW1A 0AA,rosena.allinkhan.mp@parliament.uk
Jim,Allister,Jim Allister,"Allister, Jim",Traditional Unionist Voice,North Antrim,House of Commons,London,SW1A 0AA,jim.allister.mp@parliament.uk
Mike,Amesbury,Mike Amesbury,"Amesbury, Mike",Labour,Runcorn and Helsby,House of Commons,London,SW1A 0AA,mike.amesbury.mp@parliament.uk
Gideon,Amos,Mr Gideon Amos,"Amos, Mr Gideon",Liberal Democrat,Taunton and Wellington,House of Commons,London,SW1A 0AA,gideon.amos.mp@parliament.uk
Callum,Anderson,Callum Anderson,"Anderson, Callum",Labour,Buckingham and Bletchley,House of Commons,London,SW1A 0AA,callum.anderson.mp@parliament.uk
Fleur,Anderson,Fleur Anderson,"Anderson, Fleur",Labour,Putney,House of Commons,London,SW1A 0AA,fleur.anderson.mp@parliament.uk
Lee,Anderson,Lee Anderson,"Anderson, Lee",Reform UK,Ashfield,House of Commons,London,SW1A 0AA,lee.anderson.mp@parliament.uk
Stuart,Anderson,Stuart Anderson,"Anderson, Stuart",Conservative,South Shropshire,House of Commons,London,SW1A 0AA,stuart.anderson.mp@parliament.uk
Stuart,Andrew,Stuart Andrew,"Andrew, Stuart",Conservative,Daventry,House of Commons,London,SW1A 0AA,stuart.andrew.mp@parliament.uk
Tonia,Antoniazzi,Tonia Antoniazzi,"Antoniazzi, Tonia",Labour,Gower,House of Commons,London,SW1A 0AA,tonia.antoniazzi.mp@parliament.uk
Steff,Aquarone,Steff Aquarone,"Aquarone, Steff",Liberal Democrat,North Norfolk,House of Commons,London,SW1A 0AA,steff.aquarone.mp@parliament.uk
Edward,Argar,Edward Argar,"Argar, Edward",Conservative,Melton and Syston,House of Commons,London,SW1A 0AA,edward.argar.mp@parliament.uk
Scott,Arthur,Dr Scott Arthur,"Arthur, Dr Scott",Labour,Edinburgh South West,House of Commons,London,SW1A 0AA,scott.arthur.mp@parliament.uk
Jess,Asato,Jess Asato,"Asato, Jess",Labour,Lowestoft,House of Commons,London,SW1A 0AA,jess.asato.mp@parliament.uk
James,Asser,James Asser,"Asser, James",Labour,West Ham and Beckton,House of Commons,London,SW1A 0AA,james.asser.mp@parliament.uk
Jas,Athwal,Jas Athwal,"Athwal, Jas",Labour,Ilford South,House of Commons,London,SW1A 0AA,jas.athwal.mp@parliament.uk
Victoria,Atkins,Victoria Atkins,"Atkins, Victoria",Conservative,Louth and Horncastle,House of Commons,London,SW1A 0AA,Victoria@victoriaatkins.org.uk
Catherine,Atkinson,Catherine Atkinson,"Atkinson, Catherine",Labour,Derby North,House of Commons,London,SW1A 0AA,catherine.atkinson.mp@parliament.uk
Lewis,Atkinson,Lewis Atkinson,"Atkinson, Lewis",Labour,Sunderland Central,House of Commons,London,SW1A 0AA,lewis.atkinson.mp@parliament.uk
Josh,Babarinde,Josh Babarinde,"Babarinde, Josh",Liberal Democrat,Eastbourne,House of Commons,London,SW1A 0AA,josh.babarinde.mp@parliament.uk
Gareth,Bacon,Gareth Bacon,"Bacon, Gareth",Conservative,Orpington,House of Commons,London,SW1A 0AA,gareth.bacon.mp@parliament.uk
Kemi,Badenoch,Mrs Kemi Badenoch,"Badenoch, Mrs Kemi",Conservative,North West Essex,House of Commons,London,SW1A 0AA,kemi.badenoch.mp@parliament.uk
Calvin,Bailey,Mr Calvin Bailey,"Bailey, Mr Calvin",Labour,Leyton and Wanstead,House of Commons,London,SW1A 0AA,calvin.bailey.mp@parliament.uk
Olivia,Bailey,Olivia Bailey,"Bailey, Olivia",Labour,Reading West and Mid Berkshire,House of Commons,London,SW1A 0AA,olivia.bailey.mp@parliament.uk
David,Baines,David Baines,"Baines, David",Labour,St Helens North,House of Commons,London,SW1A 0AA,david.baines.mp@parliament.uk
Alex,Baker,Alex Baker,"Baker, Alex",Labour,Aldershot,House of Commons,London,SW1A 0AA,alex.baker.mp@parliament.uk
Richard,Baker,Richard Baker,"Baker, Richard",Labour,Glenrothes and Mid Fife,House of Commons,London,SW1A 0AA,richard.baker.mp@parliament.uk
Harriett,Baldwin,Dame Harriett Baldwin,"Baldwin, Dame Harriett",Conservative,West Worcestershire,House of Commons,London,SW1A 0AA,harriett.baldwin.mp@parliament.uk
Alex,Ballinger,Alex Ballinger,"Ballinger, Alex",Labour,Halesowen,House of Commons,London,SW1A 0AA,alex.ballinger.mp@parliament.uk
Antonia,Bance,Antonia Bance,"Bance, Antonia",Labour,Tipton and Wednesbury,House of Commons,London,SW1A 0AA,antonia.bance.mp@parliament.uk
Steve,Barclay,Steve Barclay,"Barclay, Steve",Conservative,North East Cambridgeshire,House of Commons,London,SW1A 0AA,stephen.barclay.mp@parliament.uk
Paula,Barker,Paula Barker,"Barker, Paula",Labour,Liverpool Wavertree,House of Commons,London,SW1A 0AA,paula.barker.mp@parliament.uk
Lee,Barron,Lee Barron,"Barron, Lee",Labour,Corby and East Northamptonshire,House of Commons,London,SW1A 0AA,lee.barron.mp@parliament.uk
Alex,Barros-Curtis,Mr Alex Barros-Curtis,"Barros-Curtis, Mr Alex",Labour,Cardiff West,House of Commons,London,SW1A 0AA,alex.barroscurtis.mp@parliament.uk
Johanna,Baxter,Johanna Baxter,"Baxter, Johanna",Labour,Paisley and Renfrewshire South,House of Commons,London,SW1A 0AA,johanna.baxter.mp@parliament.uk
Danny,Beales,Danny Beales,"Beales, Danny",Labour,Uxbridge and South Ruislip,House of Commons,London,SW1A 0AA,danny.beales.mp@parliament.uk
Lorraine,Beavers,Lorraine Beavers,"Beavers, Lorraine",Labour,Blackpool North and Fleetwood,House of Commons,London,SW1A 0AA,lorraine.beavers.mp@parliament.uk
Peter,Bedford,Mr Peter Bedford,"Bedford, Mr Peter",Conservative,Mid Leicestershire,House of Commons,London,SW1A 0AA,peter.bedford.mp@parliament.uk
Órfhlaith,Begley,Órfhlaith Begley,"Begley, Órfhlaith",Sinn Féin,West Tyrone,House of Commons,London,SW1A 0AA,
Apsana,Begum,Apsana Begum,"Begum, Apsana",Independent,Poplar and Limehouse,House of Commons,London,SW1A 0AA,apsana.begum.mp@parliament.uk
Torsten,Bell,Torsten Bell,"Bell, Torsten",Labour,Swansea West,House of Commons,London,SW1A 0AA,torsten.bell.mp@parliament.uk
Hilary,Benn,Hilary Benn,"Benn, Hilary",Labour,Leeds South,House of Commons,London,SW1A 0AA,bennh@parliament.uk
Alison,Bennett,Alison Bennett,"Bennett, Alison",Liberal Democrat,Mid Sussex,House of Commons,London,SW1A 0AA,alison.bennett.mp@parliament.uk
Siân,Berry,Siân Berry,"Berry, Siân",Green Party,Brighton Pavilion,House of Commons,London,SW1A 0AA,sian.berry.mp@parliament.uk
Clive,Betts,Mr Clive Betts,"Betts, Mr Clive",Labour,Sheffield South East,House of Commons,London,SW1A 0AA,officeofclivebettsmp@parliament.uk
Saqib,Bhatti,Saqib Bhatti,"Bhatti, Saqib",Conservative,Meriden and Solihull East,House of Commons,London,SW1A 0AA,saqib.bhatti@parliament.uk
Polly,Billington,Ms Polly Billington,"Billington, Ms Polly",Labour,East Thanet,House of Commons,London,SW1A 0AA,polly.billington.mp@parliament.uk
Matt,Bishop,Matt Bishop,"Bishop, Matt",Labour,Forest of Dean,House of Commons,London,SW1A 0AA,matt.bishop.mp@parliament.uk
Bob,Blackman,Bob Blackman,"Blackman, Bob",Conservative,Harrow East,House of Commons,London,SW1A 0AA,bob.blackman.mp@parliament.uk
Kirsty,Blackman,Kirsty Blackman,"Blackman, Kirsty",Scottish National Party,Aberdeen North,House of Commons,London,SW1A 0AA,kirsty.blackman.mp@parliament.uk
Olivia,Blake,Olivia Blake,"Blake, Olivia",Labour,Sheffield Hallam,House of Commons,London,SW1A 0AA,olivia.blake.mp@parliament.uk
Rachel,Blake,Rachel Blake,"Blake, Rachel",Labour (Co-op),Cities of London and Westminster,House of Commons,London,SW1A 0AA,rachel.blake.mp@parliament.uk
Chris,Bloore,Chris Bloore,"Bloore, Chris",Labour,Redditch,House of Commons,London,SW1A 0AA,chris.bloore.mp@parliament.uk
Elsie,Blundell,Mrs Elsie Blundell,"Blundell, Mrs Elsie",Labour,Heywood and Middleton North,House of Commons,London,SW1A 0AA,elsie.blundell.mp@parliament.uk
Kevin,Bonavia,Kevin Bonavia,"Bonavia, Kevin",Labour,Stevenage,House of Commons,London,SW1A 0AA,kevin.bonavia.mp@parliament.uk
Sarah,Bool,Sarah Bool,"Bool, Sarah",Conservative,South Northamptonshire,House of Commons,London,SW1A 0AA,sarah.bool.mp@parliament.uk
Jade,Botterill,Jade Botterill,"Botterill, Jade",Labour,Ossett and Denby Dale,House of Commons,London,SW1A 0AA,jade.botterill.mp@parliament.uk
Andrew,Bowie,Andrew Bowie,"Bowie, Andrew",Conservative,West Aberdeenshire and Kincardine,House of Commons,London,SW1A 0AA,andrew.bowie.mp@parliament.uk
Sureena,Brackenridge,Mrs Sureena Brackenridge,"Brackenridge, Mrs Sureena",Labour,Wolverhampton North East,House of Commons,London,SW1A 0AA,sureena.brackenridge.mp@parliament.uk
Karen,Bradley,Dame Karen Bradley,"Bradley, Dame Karen",Conservative,Staffordshire Moorlands,House of Commons,London,SW1A 0AA,karen.bradley.mp@parliament.uk
Aphra,Brandreth,Aphra Brandreth,"Brandreth, Aphra",Conservative,Chester South and Eddisbury,House of Commons,London,SW1A 0AA,aphra.brandreth.mp@parliament.uk
Jonathan,Brash,Mr Jonathan Brash,"Brash, Mr Jonathan",Labour,Hartlepool,House of Commons,London,SW1A 0AA,jonathan.brash.mp@parliament.uk
Suella,Braverman,Suella Braverman,"Braverman, Suella",Conservative,Fareham and Waterlooville,House of Commons,London,SW1A 0AA,suella.braverman.mp@parliament.uk
Alex,Brewer,Alex Brewer,"Brewer, Alex",Liberal Democrat,North East Hampshire,House of Commons,London,SW1A 0AA,alex.brewer.mp@parliament.uk
Phil,Brickell,Phil Brickell,"Brickell, Phil",Labour,Bolton West,House of Commons,London,SW1A 0AA,phil.brickell.mp@parliament.uk
Jess,Brown-Fuller,Jess Brown-Fuller,"Brown-Fuller, Jess",Liberal Democrat,Chichester,House of Commons,London,SW1A 0AA,jess.brownfuller.mp@parliament.uk
Chris,Bryant,Chris Bryant,"Bryant, Chris",Labour,Rhondda and Ogmore,House of Commons,London,SW1A 0AA,chris.bryant.mp@parliament.uk
Julia,Buckley,Julia Buckley,"Buckley, Julia",Labour,Shrewsbury,House of Commons,London,SW1A 0AA,julia.buckley.mp@parliament.uk
Alex,Burghart,Alex Burghart,"Burghart, Alex",Conservative,Brentwood and Ongar,House of Commons,London,SW1A 0AA,alex.burghart.mp@parliament.uk
Richard,Burgon,Richard Burgon,"Burgon, Richard",Independent,Leeds East,House of Commons,London,SW1A 0AA,richard@richardburgon.com
Maureen,Burke,Maureen Burke,"Burke, Maureen",Labour,Glasgow North East,House of Commons,London,SW1A 0AA,maureen.burke.mp@parliament.uk
David,Burton-Sampson,David Burton-Sampson,"Burton-Sampson, David",Labour,Southend West and Leigh,House of Commons,London,SW1A 0AA,david.burtonsampson.mp@parliament.uk
Dawn,Butler,Dawn Butler,"Butler, Dawn",Labour,Brent East,House of Commons,London,SW1A 0AA,dawn.butler.mp@parliament.uk
Ian,Byrne,Ian Byrne,"Byrne, Ian",Independent,Liverpool West Derby,House of Commons,London,SW1A 0AA,ian.byrne.mp@parliament.uk
Liam,Byrne,Liam Byrne,"Byrne, Liam",Labour,Birmingham Hodge Hill and Solihull North,House of Commons,London,SW1A 0AA,liam.byrne.mp@parliament.uk
Ruth,Cadbury,Ruth Cadbury,"Cadbury, Ruth",Labour,Brentford and Isleworth,House of Commons,London,SW1A 0AA,ruthcadburymp@parliament.uk
Nesil,Caliskan,Nesil Caliskan,"Caliskan, Nesil",Labour,Barking,House of Commons,London,SW1A 0AA,nesil.caliskan.mp@parliament.uk
Alan,Campbell,Sir Alan Campbell,"Campbell, Sir Alan",Labour,Tynemouth,House of Commons,London,SW1A 0AA,alan.campbell.mp@parliament.uk
Gregory,Campbell,Mr Gregory Campbell,"Campbell, Mr Gregory",Democratic Unionist Party,East Londonderry,House of Commons,London,SW1A 0AA,aaron.callan@parliament.uk
Irene,Campbell,Irene Campbell,"Campbell, Irene",Labour,North Ayrshire and Arran,House of Commons,London,SW1A 0AA,irene.campbell.mp@parliament.uk
Juliet,Campbell,Juliet Campbell,"Campbell, Juliet",Labour,Broxtowe,House of Commons,London,SW1A 0AA,juliet.campbell.mp@parliament.uk
Markus,Campbell-Savours,Markus Campbell-Savours,"Campbell-Savours, Markus",Labour,Penrith and Solway,House of Commons,London,SW1A 0AA,markus.campbellsavours.mp@parliament.uk
Charlotte,Cane,Charlotte Cane,"Cane, Charlotte",Liberal Democrat,Ely and East Cambridgeshire,House of Commons,London,SW1A 0AA,charlotte.cane.mp@parliament.uk
Dan,Carden,Dan Carden,"Carden, Dan",Labour,Liverpool Walton,House of Commons,London,SW1A 0AA,dan.carden.mp@parliament.uk
Sam,Carling,Sam Carling,"Carling, Sam",Labour,North West Cambridgeshire,House of Commons,London,SW1A 0AA,sam.carling.mp@parliament.uk
Alistair,Carmichael,Mr Alistair Carmichael,"Carmichael, Mr Alistair",Liberal Democrat,Orkney and Shetland,House of Commons,London,SW1A 0AA,carmichaela@parliament.uk
Al,Carns,Al Carns,"Carns, Al",Labour,Birmingham Selly Oak,House of Commons,London,SW1A 0AA,al.carns.mp@parliament.uk
James,Cartlidge,James Cartlidge,"Cartlidge, James",Conservative,South Suffolk,House of Commons,London,SW1A 0AA,james.cartlidge.mp@parliament.uk
David,Chadwick,David Chadwick,"Chadwick, David",Liberal Democrat,"Brecon, Radnor and Cwm Tawe",House of Commons,London,SW1A 0AA,david.chadwick.mp@parliament.uk
Wendy,Chamberlain,Wendy Chamberlain,"Chamberlain, Wendy",Liberal Democrat,North East Fife,House of Commons,London,SW1A 0AA,wendy.chamberlain.mp@parliament.uk
Danny,Chambers,Dr Danny Chambers,"Chambers, Dr Danny",Liberal Democrat,Winchester,House of Commons,London,SW1A 0AA,danny.chambers.mp@parliament.uk
Sarah,Champion,Sarah Champion,"Champion, Sarah",Labour,Rotherham,House of Commons,London,SW1A 0AA,sarah.champion.mp@parliament.uk
Bambos,Charalambous,Bambos Charalambous,"Charalambous, Bambos",Labour,Southgate and Wood Green,House of Commons,London,SW1A 0AA,bambos.charalambous.mp@parliament.uk
Luke,Charters,Mr Luke Charters,"Charters, Mr Luke",Labour,York Outer,House of Commons,London,SW1A 0AA,luke.charters.mp@parliament.uk
Christopher,Chope,Sir Christopher Chope,"Chope, Sir Christopher",Conservative,Christchurch,House of Commons,London,SW1A 0AA,chopec@parliament.uk
Ellie,Chowns,Ellie Chowns,"Chowns, Ellie",Green Party,North Herefordshire,House of Commons,London,SW1A 0AA,ellie.chowns.mp@parliament.uk
Feryal,Clark,Feryal Clark,"Clark, Feryal",Labour,Enfield North,House of Commons,London,SW1A 0AA,feryal.clark.mp@parliament.uk
James,Cleverly,Mr James Cleverly,"Cleverly, Mr James",Conservative,Braintree,House of Commons,London,SW1A 0AA,james.cleverly.mp@parliament.uk
Geoffrey,Clifton-Brown,Sir Geoffrey Clifton-Brown,"Clifton-Brown, Sir Geoffrey",Conservative,North Cotswolds,House of Commons,London,SW1A 0AA,cliftonbrowng@parliament.uk
Lewis,Cocking,Lewis Cocking,"Cocking, Lewis",Conservative,Broxbourne,House of Commons,London,SW1A 0AA,lewis.cocking.mp@parliament.uk
Chris,Coghlan,Chris Coghlan,"Coghlan, Chris",Liberal Democrat,Dorking and Horley,House of Commons,London,SW1A 0AA,chris.coghlan.mp@parliament.uk
Ben,Coleman,Ben Coleman,"Coleman, Ben",Labour,Chelsea and Fulham,House of Commons,London,SW1A 0AA,ben.coleman.mp@parliament.uk
Jacob,Collier,Jacob Collier,"Collier, Jacob",Labour,Burton and Uttoxeter,House of Commons,London,SW1A 0AA,jacob.collier.mp@parliament.uk
Lizzi,Collinge,Lizzi Collinge,"Collinge, Lizzi",Labour,Morecambe and Lunesdale,House of Commons,London,SW1A 0AA,lizzi.collinge.mp@parliament.uk
Tom,Collins,Tom Collins,"Collins, Tom",Labour,Worcester,House of Commons,London,SW1A 0AA,tom.collins.mp@parliament.uk
Victoria,Collins,Victoria Collins,"Collins, Victoria",Liberal Democrat,Harpenden and Berkhamsted,House of Commons,London,SW1A 0AA,victoria.collins.mp@parliament.uk
Liam,Conlon,Liam Conlon,"Conlon, Liam",Labour,Beckenham and Penge,House of Commons,London,SW1A 0AA,liam.conlon.mp@parliament.uk
Sarah,Coombes,Sarah Coombes,"Coombes, Sarah",Labour,West Bromwich,House of Commons,London,SW1A 0AA,sarah.coombes.mp@parliament.uk
Andrew,Cooper,Andrew Cooper,"Cooper, Andrew",Labour,Mid Cheshire,House of Commons,London,SW1A 0AA,andrew.cooper.mp@parliament.uk
Beccy,Cooper,Dr Beccy Cooper,"Cooper, Dr Beccy",Labour,Worthing West,House of Commons,London,SW1A 0AA,beccy.cooper.mp@parliament.uk
Daisy,Cooper,Daisy Cooper,"Cooper, Daisy",Liberal Democrat,St Albans,House of Commons,London,SW1A 0AA,daisy.cooper.mp@parliament.uk
John,Cooper,John Cooper,"Cooper, John",Conservative,Dumfries and Galloway,House of Commons,London,SW1A 0AA,john.cooper.mp@parliament.uk
Yvette,Cooper,Yvette Cooper,"Cooper, Yvette",Labour,"Pontefract, Castleford and Knottingley",House of Commons,London,SW1A 0AA,coopery@parliament.uk
Jeremy,Corbyn,Jeremy Corbyn,"Corbyn, Jeremy",Independent,Islington North,House of Commons,London,SW1A 0AA,jeremy.corbyn.mp@parliament.uk
Alberto,Costa,Alberto Costa,"Costa, Alberto",Conservative,South Leicestershire,House of Commons,London,SW1A 0AA,alberto.costa.mp@parliament.uk
Deirdre,Costigan,Deirdre Costigan,"Costigan, Deirdre",Labour,Ealing Southall,House of Commons,London,SW1A 0AA,deirdre.costigan.mp@parliament.uk
Claire,Coutinho,Claire Coutinho,"Coutinho, Claire",Conservative,East Surrey,House of Commons,London,SW1A 0AA,claire.coutinho.mp@parliament.uk
Geoffrey,Cox,Sir Geoffrey Cox,"Cox, Sir Geoffrey",Conservative,Torridge and Tavistock,House of Commons,London,SW1A 0AA,coxg@parliament.uk
Pam,Cox,Pam Cox,"Cox, Pam",Labour,Colchester,House of Commons,London,SW1A 0AA,pam.cox.mp@parliament.uk
Neil,Coyle,Neil Coyle,"Coyle, Neil",Labour,Bermondsey and Old Southwark,House of Commons,London,SW1A 0AA,neil.coyle.mp@parliament.uk
Jen,Craft,Jen Craft,"Craft, Jen",Labour,Thurrock,House of Commons,London,SW1A 0AA,jen.craft.mp@parliament.uk
Mary,Creagh,Mary Creagh,"Creagh, Mary",Labour,Coventry East,House of Commons,London,SW1A 0AA,mary.creagh.mp@parliament.uk
Stella,Creasy,Ms Stella Creasy,"Creasy, Ms Stella",Labour (Co-op),Walthamstow,House of Commons,London,SW1A 0AA,stella.creasy.mp@parliament.uk
Torcuil,Crichton,Torcuil Crichton,"Crichton, Torcuil",Labour,Na h-Eileanan an Iar,House of Commons,London,SW1A 0AA,torcuil.crichton.mp@parliament.uk
Harriet,Cross,Harriet Cross,"Cross, Harriet",Conservative,Gordon and Buchan,House of Commons,London,SW1A 0AA,harriet.cross.mp@parliament.uk
Pat,Cullen,Pat Cullen,"Cullen, Pat",Sinn Féin,Fermanagh and South Tyrone,House of Commons,London,SW1A 0AA,pat.cullen.mp@parliament.uk
Judith,Cummins,Judith Cummins,"Cummins, Judith",Labour,Bradford South,House of Commons,London,SW1A 0AA,judith.cummins.mp@parliament.uk
Chris,Curtis,Chris Curtis,"Curtis, Chris",Labour,Milton Keynes North,House of Commons,London,SW1A 0AA,chris.curtis.mp@parliament.uk
Janet,Daby,Janet Daby,"Daby, Janet",Labour,Lewisham East,House of Commons,London,SW1A 0AA,janet.daby.mp@parliament.uk
Nicholas,Dakin,Sir Nicholas Dakin,"Dakin, Sir Nicholas",Labour,Scunthorpe,House of Commons,London,SW1A 0AA,nic.dakin.mp@parliament.uk
Ashley,Dalton,Ashley Dalton,"Dalton, Ashley",Labour,West Lancashire,House of Commons,London,SW1A 0AA,ashley.dalton.mp@parliament.uk
Adam,Dance,Adam Dance,"Dance, Adam",Liberal Democrat,Yeovil,House of Commons,London,SW1A 0AA,adam.dance.mp@parliament.uk
Steve,Darling,Steve Darling,"Darling, Steve",Liberal Democrat,Torbay,House of Commons,London,SW1A 0AA,steve.darling.mp@parliament.uk
Emily,Darlington,Emily Darlington,"Darlington, Emily",Labour,Milton Keynes Central,House of Commons,London,SW1A 0AA,emily.darlington.mp@parliament.uk
Ed,Davey,Ed Davey,"Davey, Ed",Liberal Democrat,Kingston and Surbiton,House of Commons,London,SW1A 0AA,edward.davey.mp@parliament.uk
Ann,Davies,Ann Davies,"Davies, Ann",Plaid Cymru,Caerfyrddin,House of Commons,London,SW1A 0AA,ann.davies.mp@parliament.uk
Gareth,Davies,Gareth Davies,"Davies, Gareth",Conservative,Grantham and Bourne,House of Commons,London,SW1A 0AA,gareth.davies.mp@parliament.uk
Jonathan,Davies,Jonathan Davies,"Davies, Jonathan",Labour,Mid Derbyshire,House of Commons,London,SW1A 0AA,jonathan.davies.mp@parliament.uk
MiDavies,Davies,Mims Davies,"Davies, Mims",Conservative,East Grinstead and Uckfield,House of Commons,London,SW1A 0AA,mims.davies.mp@parliament.uk
Paul,Davies,Paul Davies,"Davies, Paul",Labour,Colne Valley,House of Commons,London,SW1A 0AA,paul.davies.mp@parliament.uk
Shaun,Davies,Shaun Davies,"Davies, Shaun",Labour,Telford,House of Commons,London,SW1A 0AA,shaun.davies.mp@parliament.uk
Alex,Davies-Jones,Alex Davies-Jones,"Davies-Jones, Alex",Labour,Pontypridd,House of Commons,London,SW1A 0AA,alex.daviesjones.mp@parliament.uk
David,Davis,David Davis,"Davis, David",Conservative,Goole and Pocklington,House of Commons,London,SW1A 0AA,david.davis.mp@parliament.uk
Marsha,De Cordova,Marsha De Cordova,"De Cordova, Marsha",Labour,Battersea,House of Commons,London,SW1A 0AA,marsha.decordova.mp@parliament.uk
Bobby,Dean,Bobby Dean,"Dean, Bobby",Liberal Democrat,Carshalton and Wallington,House of Commons,London,SW1A 0AA,bobby.dean.mp@parliament.uk
Josh,Dean,Josh Dean,"Dean, Josh",Labour,Hertford and Stortford,House of Commons,London,SW1A 0AA,josh.dean.mp@parliament.uk
Kate,Dearden,Kate Dearden,"Dearden, Kate",Labour (Co-op),Halifax,House of Commons,London,SW1A 0AA,kate.dearden.mp@parliament.uk
Carla,Denyer,Carla Denyer,"Denyer, Carla",Green Party,Bristol Central,House of Commons,London,SW1A 0AA,carla.denyer.mp@parliament.uk
Charlie,Dewhirst,Charlie Dewhirst,"Dewhirst, Charlie",Conservative,Bridlington and The Wolds,House of Commons,London,SW1A 0AA,charlie.dewhirst.mp@parliament.uk
Tanmanjeet,Singh Dhesi,Mr Tanmanjeet Singh Dhesi,"Dhesi, Mr Tanmanjeet Singh",Labour,Slough,House of Commons,London,SW1A 0AA,tan.dhesi.mp@parliament.uk
Jim,Dickson,Jim Dickson,"Dickson, Jim",Labour,Dartford,House of Commons,London,SW1A 0AA,jim.dickson.mp@parliament.uk
Lee,Dillon,Mr Lee Dillon,"Dillon, Mr Lee",Liberal Democrat,Newbury,House of Commons,London,SW1A 0AA,lee.dillon.mp@parliament.uk
Caroline,Dinenage,Dame Caroline Dinenage,"Dinenage, Dame Caroline",Conservative,Gosport,House of Commons,London,SW1A 0AA,caroline.dinenage.mp@parliament.uk
Anna,Dixon,Anna Dixon,"Dixon, Anna",Labour,Shipley,House of Commons,London,SW1A 0AA,anna.dixon.mp@parliament.uk
Samantha,Dixon,Samantha Dixon,"Dixon, Samantha",Labour,Chester North and Neston,House of Commons,London,SW1A 0AA,Samantha.dixon.mp@parliament.uk
Anneliese,Dodds,Anneliese Dodds,"Dodds, Anneliese",Labour (Co-op),Oxford East,House of Commons,London,SW1A 0AA,anneliese.dodds.mp@parliament.uk
Helena,Dollimore,Helena Dollimore,"Dollimore, Helena",Labour (Co-op),Hastings and Rye,House of Commons,London,SW1A 0AA,helena.dollimore.mp@parliament.uk
Dave,Doogan,Dave Doogan,"Doogan, Dave",Scottish National Party,Angus and Perthshire Glens,House of Commons,London,SW1A 0AA,dave.doogan.mp@parliament.uk
Stephen,Doughty,Stephen Doughty,"Doughty, Stephen",Labour (Co-op),Cardiff South and Penarth,House of Commons,London,SW1A 0AA,stephen.doughty.mp@parliament.uk
Peter,Dowd,Peter Dowd,"Dowd, Peter",Labour,Bootle,House of Commons,London,SW1A 0AA,peter.dowd.mp@parliament.uk
Oliver,Dowden,Sir Oliver Dowden,"Dowden, Sir Oliver",Conservative,Hertsmere,House of Commons,London,SW1A 0AA,oliver.dowden.mp@parliament.uk
Graeme,Downie,Graeme Downie,"Downie, Graeme",Labour,Dunfermline and Dollar,House of Commons,London,SW1A 0AA,graeme.downie.mp@parliament.uk
Rosie,Duffield,Rosie Duffield,"Duffield, Rosie",Independent,Canterbury,House of Commons,London,SW1A 0AA,rosie.duffield.mp@parliament.uk
Iain,Duncan Smith,Sir Iain Duncan Smith,"Duncan Smith, Sir Iain",Conservative,Chingford and Woodford Green,House of Commons,London,SW1A 0AA,Iain.duncansmith.mp@parliament.uk
Neil,Duncan-Jordan,Neil Duncan-Jordan,"Duncan-Jordan, Neil",Labour,Poole,House of Commons,London,SW1A 0AA,neil.duncanjordan.mp@parliament.uk
Sarah,Dyke,Sarah Dyke,"Dyke, Sarah",Liberal Democrat,Glastonbury and Somerton,House of Commons,London,SW1A 0AA,sarah.dyke.mp@parliament.uk
Angela,Eagle,Dame Angela Eagle,"Eagle, Dame Angela",Labour,Wallasey,House of Commons,London,SW1A 0AA,eaglea@parliament.uk
Maria,Eagle,Maria Eagle,"Eagle, Maria",Labour,Liverpool Garston,House of Commons,London,SW1A 0AA,maria.eagle.mp@parliament.uk
Alex,Easton,Alex Easton,"Easton, Alex",Independent,North Down,House of Commons,London,SW1A 0AA,alex.easton.mp@parliament.uk
Colum,Eastwood,Colum Eastwood,"Eastwood, Colum",Social Democratic & Labour Party,Foyle,House of Commons,London,SW1A 0AA,colum.eastwood.mp@parliament.uk
Sorcha,Eastwood,Sorcha Eastwood,"Eastwood, Sorcha",Alliance,Lagan Valley,House of Commons,London,SW1A 0AA,sorcha.eastwood.mp@parliament.uk
Cat,Eccles,Cat Eccles,"Eccles, Cat",Labour,Stourbridge,House of Commons,London,SW1A 0AA,cat.eccles.mp@parliament.uk
Lauren,Edwards,Lauren Edwards,"Edwards, Lauren",Labour,Rochester and Strood,House of Commons,London,SW1A 0AA,lauren.edwards.mp@parliament.uk
Sarah,Edwards,Sarah Edwards,"Edwards, Sarah",Labour,Tamworth,House of Commons,London,SW1A 0AA,sarah.edwards.mp@parliament.uk
Clive,Efford,Clive Efford,"Efford, Clive",Labour,Eltham and Chislehurst,House of Commons,London,SW1A 0AA,
Damien,Egan,Damien Egan,"Egan, Damien",Labour,Bristol North East,House of Commons,London,SW1A 0AA,damien.egan.mp@parliament.uk
Maya,Ellis,Maya Ellis,"Ellis, Maya",Labour,Ribble Valley,House of Commons,London,SW1A 0AA,maya.ellis.mp@parliament.uk
Chris,Elmore,Chris Elmore,"Elmore, Chris",Labour,Bridgend,House of Commons,London,SW1A 0AA,Chris.Elmore.mp@parliament.uk
Kirith,Entwistle,Kirith Entwistle,"Entwistle, Kirith",Labour,Bolton North East,House of Commons,London,SW1A 0AA,kirith.entwistle.mp@parliament.uk
Florence,Eshalomi,Florence Eshalomi,"Eshalomi, Florence",Labour (Co-op),Vauxhall and Camberwell Green,House of Commons,London,SW1A 0AA,florence.eshalomi.mp@parliament.uk
Bill,Esterson,Bill Esterson,"Esterson, Bill",Labour,Sefton Central,House of Commons,London,SW1A 0AA,bill.esterson.mp@parliament.uk
Chris,Evans,Chris Evans,"Evans, Chris",Labour (Co-op),Caerphilly,House of Commons,London,SW1A 0AA,chris.evans.mp@parliament.uk
Luke,Evans,Dr Luke Evans,"Evans, Dr Luke",Conservative,Hinckley and Bosworth,House of Commons,London,SW1A 0AA,luke.evans.mp@parliament.uk
Miatta,Fahnbulleh,Miatta Fahnbulleh,"Fahnbulleh, Miatta",Labour (Co-op),Peckham,House of Commons,London,SW1A 0AA,miatta.fahnbulleh.mp@parliament.uk
Hamish,Falconer,Mr Hamish Falconer,"Falconer, Mr Hamish",Labour,Lincoln,House of Commons,London,SW1A 0AA,hamish.falconer.mp@parliament.uk
Nigel,Farage,Nigel Farage,"Farage, Nigel",Reform UK,Clacton,House of Commons,London,SW1A 0AA,nigel.farage.mp@parliament.uk
Linsey,Farnsworth,Linsey Farnsworth,"Farnsworth, Linsey",Labour,Amber Valley,House of Commons,London,SW1A 0AA,linsey.farnsworth.mp@parliament.uk
Tim,Farron,Tim Farron,"Farron, Tim",Liberal Democrat,Westmorland and Lonsdale,House of Commons,London,SW1A 0AA,farront@parliament.uk
Josh,Fenton-Glynn,Josh Fenton-Glynn,"Fenton-Glynn, Josh",Labour,Calder Valley,House of Commons,London,SW1A 0AA,josh.fentonglynn.mp@parliament.uk
Mark,Ferguson,Mark Ferguson,"Ferguson, Mark",Labour,Gateshead Central and Whickham,House of Commons,London,SW1A 0AA,mark.ferguson.mp@parliament.uk
Patricia,Ferguson,Patricia Ferguson,"Ferguson, Patricia",Labour,Glasgow West,House of Commons,London,SW1A 0AA,patricia.ferguson.mp@parliament.uk
John,Finucane,John Finucane,"Finucane, John",Sinn Féin,Belfast North,House of Commons,London,SW1A 0AA,john.finucane.mp@parliament.uk
Natalie,Fleet,Natalie Fleet,"Fleet, Natalie",Labour,Bolsover,House of Commons,London,SW1A 0AA,natalie.fleet.mp@parliament.uk
Stephen,Flynn,Stephen Flynn,"Flynn, Stephen",Scottish National Party,Aberdeen South,House of Commons,London,SW1A 0AA,stephen.flynn.mp@parliament.uk
Emma,Foody,Emma Foody,"Foody, Emma",Labour (Co-op),Cramlington and Killingworth,House of Commons,London,SW1A 0AA,emma.foody.mp@parliament.uk
Catherine,Fookes,Catherine Fookes,"Fookes, Catherine",Labour,Monmouthshire,House of Commons,London,SW1A 0AA,catherine.fookes.mp@parliament.uk
Richard,Foord,Richard Foord,"Foord, Richard",Liberal Democrat,Honiton and Sidmouth,House of Commons,London,SW1A 0AA,richard.foord.mp@parliament.uk
Will,Forster,Mr Will Forster,"Forster, Mr Will",Liberal Democrat,Woking,House of Commons,London,SW1A 0AA,will.forster.mp@parliament.uk
Peter,Fortune,Peter Fortune,"Fortune, Peter",Conservative,Bromley and Biggin Hill,House of Commons,London,SW1A 0AA,peter.fortune.mp@parliament.uk
Paul,Foster,Mr Paul Foster,"Foster, Mr Paul",Labour,South Ribble,House of Commons,London,SW1A 0AA,paul.foster.mp@parliament.uk
Ashley,Fox,Sir Ashley Fox,"Fox, Sir Ashley",Conservative,Bridgwater,House of Commons,London,SW1A 0AA,ashley.fox.mp@parliament.uk
Vicky,Foxcroft,Vicky Foxcroft,"Foxcroft, Vicky",Labour,Lewisham North,House of Commons,London,SW1A 0AA,vicky.foxcroft.mp@parliament.uk
Mary,Kelly Foy,Mary Kelly Foy,"Foy, Mary Kelly",Labour,City of Durham,House of Commons,London,SW1A 0AA,mary.foy.mp@parliament.uk
Daniel,Francis,Daniel Francis,"Francis, Daniel",Labour,Bexleyheath and Crayford,House of Commons,London,SW1A 0AA,daniel.francis.mp@parliament.uk
Mark,Francois,Mr Mark Francois,"Francois, Mr Mark",Conservative,Rayleigh and Wickford,House of Commons,London,SW1A 0AA,mark.francois.mp@parliament.uk
Zöe,Franklin,Zöe Franklin,"Franklin, Zöe",Liberal Democrat,Guildford,House of Commons,London,SW1A 0AA,zoe.franklin.mp@parliament.uk
George,Freeman,George Freeman,"Freeman, George",Conservative,Mid Norfolk,House of Commons,London,SW1A 0AA,george.freeman.mp@parliament.uk
Louie,French,Mr Louie French,"French, Mr Louie",Conservative,Old Bexley and Sidcup,House of Commons,London,SW1A 0AA,louie.french.mp@parliament.uk
James,Frith,Mr James Frith,"Frith, Mr James",Labour,Bury North,House of Commons,London,SW1A 0AA,james.frith.mp@parliament.uk
Richard,Fuller,Richard Fuller,"Fuller, Richard",Conservative,North Bedfordshire,House of Commons,London,SW1A 0AA,richard.fuller.mp@parliament.uk
Gill,Furniss,Gill Furniss,"Furniss, Gill",Labour,Sheffield Brightside and Hillsborough,House of Commons,London,SW1A 0AA,gill.furniss.mp@parliament.uk
Roger,Gale,Sir Roger Gale,"Gale, Sir Roger",Conservative,Herne Bay and Sandwich,House of Commons,London,SW1A 0AA,galerj@parliament.uk
Barry,Gardiner,Barry Gardiner,"Gardiner, Barry",Labour,Brent West,House of Commons,London,SW1A 0AA,barry.gardiner.mp@parliament.uk
Allison,Gardner,Dr Allison Gardner,"Gardner, Dr Allison",Labour,Stoke-on-Trent South,House of Commons,London,SW1A 0AA,allison.gardner.mp@parliament.uk
Mark,Garnier,Mark Garnier,"Garnier, Mark",Conservative,Wyre Forest,House of Commons,London,SW1A 0AA,mark.garnier.mp@parliament.uk
Anna,Gelderd,Anna Gelderd,"Gelderd, Anna",Labour,South East Cornwall,House of Commons,London,SW1A 0AA,anna.gelderd.mp@parliament.uk
Alan,Gemmell,Alan Gemmell,"Gemmell, Alan",Labour,Central Ayrshire,House of Commons,London,SW1A 0AA,alan.gemmell.mp@parliament.uk
Andrew,George,Andrew George,"George, Andrew",Liberal Democrat,St Ives,House of Commons,London,SW1A 0AA,andrew.george.mp@parliament.uk
Gill,German,Gill German,"German, Gill",Labour,Clwyd North,House of Commons,London,SW1A 0AA,gill.german.mp@parliament.uk
Stephen,Gethins,Stephen Gethins,"Gethins, Stephen",Scottish National Party,Arbroath and Broughty Ferry,House of Commons,London,SW1A 0AA,stephen.gethins.mp@parliament.uk
Nusrat,Ghani,Ms Nusrat Ghani,"Ghani, Ms Nusrat",Conservative,Sussex Weald,House of Commons,London,SW1A 0AA,nusrat.ghani.mp@parliament.uk
Sarah,Gibson,Sarah Gibson,"Gibson, Sarah",Liberal Democrat,Chippenham,House of Commons,London,SW1A 0AA,sarah.gibson.mp@parliament.uk
Tracy,Gilbert,Tracy Gilbert,"Gilbert, Tracy",Labour,Edinburgh North and Leith,House of Commons,London,SW1A 0AA,tracy.gilbert.mp@parliament.uk
Preet,Kaur Gill,Preet Kaur Gill,"Gill, Preet Kaur",Labour (Co-op),Birmingham Edgbaston,House of Commons,London,SW1A 0AA,preet.gill.mp@parliament.uk
Rachel,Gilmour,Rachel Gilmour,"Gilmour, Rachel",Liberal Democrat,Tiverton and Minehead,House of Commons,London,SW1A 0AA,rachel.gilmour.mp@parliament.uk
Becky,Gittins,Becky Gittins,"Gittins, Becky",Labour,Clwyd East,House of Commons,London,SW1A 0AA,becky.gittins.mp@parliament.uk
John,Glen,John Glen,"Glen, John",Conservative,Salisbury,House of Commons,London,SW1A 0AA,john.glen.mp@parliament.uk
Mary,Glindon,Mary Glindon,"Glindon, Mary",Labour,Newcastle upon Tyne East and Wallsend,House of Commons,London,SW1A 0AA,mary.glindon.mp@parliament.uk
Olly,Glover,Olly Glover,"Glover, Olly",Liberal Democrat,Didcot and Wantage,House of Commons,London,SW1A 0AA,olly.glover.mp@parliament.uk
Marie,Goldman,Marie Goldman,"Goldman, Marie",Liberal Democrat,Chelmsford,House of Commons,London,SW1A 0AA,marie.goldman.mp@parliament.uk
Ben,Goldsborough,Ben Goldsborough,"Goldsborough, Ben",Labour,South Norfolk,House of Commons,London,SW1A 0AA,ben.goldsborough.mp@parliament.uk
Tom,Gordon,Tom Gordon,"Gordon, Tom",Liberal Democrat,Harrogate and Knaresborough,House of Commons,London,SW1A 0AA,tom.gordon.mp@parliament.uk
Jodie,Gosling,Jodie Gosling,"Gosling, Jodie",Labour,Nuneaton,House of Commons,London,SW1A 0AA,jodie.gosling.mp@parliament.uk
Georgia,Gould,Georgia Gould,"Gould, Georgia",Labour,Queen's Park and Maida Vale,House of Commons,London,SW1A 0AA,georgia.gould.mp@parliament.uk
John,Grady,John Grady,"Grady, John",Labour,Glasgow East,House of Commons,London,SW1A 0AA,john.grady.mp@parliament.uk
Helen,Grant,Helen Grant,"Grant, Helen",Conservative,Maidstone and Malling,House of Commons,London,SW1A 0AA,helen.grant.mp@parliament.uk
Sarah,Green,Sarah Green,"Green, Sarah",Liberal Democrat,Chesham and Amersham,House of Commons,London,SW1A 0AA,sarah.green.mp@parliament.uk
Lilian,Greenwood,Lilian Greenwood,"Greenwood, Lilian",Labour,Nottingham South,House of Commons,London,SW1A 0AA,lilian.greenwood.mp@parliament.uk
Andrew,Griffith,Andrew Griffith,"Griffith, Andrew",Conservative,Arundel and South Downs,House of Commons,London,SW1A 0AA,andrew.griffith.mp@parliament.uk
Nia,Griffith,Dame Nia Griffith,"Griffith, Dame Nia",Labour,Llanelli,House of Commons,London,SW1A 0AA,nia.griffith.mp@parliament.uk
Alison,Griffiths,Alison Griffiths,"Griffiths, Alison",Conservative,Bognor Regis and Littlehampton,House of Commons,London,SW1A 0AA,alison.griffiths.mp@parliament.uk
Andrew,Gwynne,Andrew Gwynne,"Gwynne, Andrew",Labour (Co-op),Gorton and Denton,House of Commons,London,SW1A 0AA,gwynnea@parliament.uk
Amanda,Hack,Amanda Hack,"Hack, Amanda",Labour,North West Leicestershire,House of Commons,London,SW1A 0AA,amanda.hack.mp@parliament.uk
Louise,Haigh,Louise Haigh,"Haigh, Louise",Labour,Sheffield Heeley,House of Commons,London,SW1A 0AA,louise.haigh.mp@parliament.uk
Sarah,Hall,Sarah Hall,"Hall, Sarah",Labour (Co-op),Warrington South,House of Commons,London,SW1A 0AA,sarah.hall.mp@parliament.uk
Fabian,Hamilton,Fabian Hamilton,"Hamilton, Fabian",Labour,Leeds North East,House of Commons,London,SW1A 0AA,fabian.hamilton.mp@parliament.uk
Paulette,Hamilton,Paulette Hamilton,"Hamilton, Paulette",Labour,Birmingham Erdington,House of Commons,London,SW1A 0AA,paulette.hamilton.mp@parliament.uk
Claire,Hanna,Claire Hanna,"Hanna, Claire",Social Democratic & Labour Party,Belfast South and Mid Down,House of Commons,London,SW1A 0AA,claire.hanna.mp@parliament.uk
Monica,Harding,Monica Harding,"Harding, Monica",Liberal Democrat,Esher and Walton,House of Commons,London,SW1A 0AA,monica.harding.mp@parliament.uk
Emma,Hardy,Emma Hardy,"Hardy, Emma",Labour,Kingston upon Hull West and Haltemprice,House of Commons,London,SW1A 0AA,emma.hardy.mp@parliament.uk
Carolyn,Harris,Carolyn Harris,"Harris, Carolyn",Labour,Neath and Swansea East,House of Commons,London,SW1A 0AA,carolyn.harris.mp@parliament.uk
Rebecca,Harris,Rebecca Harris,"Harris, Rebecca",Conservative,Castle Point,House of Commons,London,SW1A 0AA,rebecca.harris.mp@parliament.uk
Lloyd,Hatton,Lloyd Hatton,"Hatton, Lloyd",Labour,South Dorset,House of Commons,London,SW1A 0AA,lloyd.hatton.mp@parliament.uk
Helen,Hayes,Helen Hayes,"Hayes, Helen",Labour,Dulwich and West Norwood,House of Commons,London,SW1A 0AA,helen.hayes.mp@parliament.uk
John,Hayes,Sir John Hayes,"Hayes, Sir John",Conservative,South Holland and The Deepings,House of Commons,London,SW1A 0AA,hayesj@parliament.uk
Tom,Hayes,Tom Hayes,"Hayes, Tom",Labour,Bournemouth East,House of Commons,London,SW1A 0AA,tom.hayes.mp@parliament.uk
Claire,Hazelgrove,Claire Hazelgrove,"Hazelgrove, Claire",Labour,Filton and Bradley Stoke,House of Commons,London,SW1A 0AA,claire.hazelgrove.mp@parliament.uk
Chris,Hazzard,Chris Hazzard,"Hazzard, Chris",Sinn Féin,South Down,House of Commons,London,SW1A 0AA,chris.hazzard.mp@parliament.uk
John,Healey,John Healey,"Healey, John",Labour,Rawmarsh and Conisbrough,House of Commons,London,SW1A 0AA,john.healey.mp@parliament.uk
Mark,Hendrick,Sir Mark Hendrick,"Hendrick, Sir Mark",Labour (Co-op),Preston,House of Commons,London,SW1A 0AA,mark.hendrick.mp@parliament.uk
Pippa,Heylings,Pippa Heylings,"Heylings, Pippa",Liberal Democrat,South Cambridgeshire,House of Commons,London,SW1A 0AA,pippa.heylings.mp@parliament.uk
Meg,Hillier,Dame Meg Hillier,"Hillier, Dame Meg",Labour (Co-op),Hackney South and Shoreditch,House of Commons,London,SW1A 0AA,meghilliermp@parliament.uk
Chris,Hinchliff,Chris Hinchliff,"Hinchliff, Chris",Labour,North East Hertfordshire,House of Commons,London,SW1A 0AA,chris.hinchliff.mp@parliament.uk
Jonathan,Hinder,Jonathan Hinder,"Hinder, Jonathan",Labour,Pendle and Clitheroe,House of Commons,London,SW1A 0AA,jonathan.hinder.mp@parliament.uk
Damian,Hinds,Damian Hinds,"Hinds, Damian",Conservative,East Hampshire,House of Commons,London,SW1A 0AA,damian.hinds.mp@parliament.uk
Simon,Hoare,Simon Hoare,"Hoare, Simon",Conservative,North Dorset,House of Commons,London,SW1A 0AA,simon.hoare.mp@parliament.uk
Wera,Hobhouse,Wera Hobhouse,"Hobhouse, Wera",Liberal Democrat,Bath,House of Commons,London,SW1A 0AA,wera.hobhouse.mp@parliament.uk
Sharon,Hodgson,Mrs Sharon Hodgson,"Hodgson, Mrs Sharon",Labour,Washington and Gateshead South,House of Commons,London,SW1A 0AA,sharon.hodgson.mp@parliament.uk
Richard,Holden,Mr Richard Holden,"Holden, Mr Richard",Conservative,Basildon and Billericay,House of Commons,London,SW1A 0AA,richard.holden.mp@parliament.uk
Kevin,Hollinrake,Kevin Hollinrake,"Hollinrake, Kevin",Conservative,Thirsk and Malton,House of Commons,London,SW1A 0AA,kevin.hollinrake.mp@parliament.uk
Paul,Holmes,Paul Holmes,"Holmes, Paul",Conservative,Hamble Valley,House of Commons,London,SW1A 0AA,paul.holmes.mp@parliament.uk
Rachel,Hopkins,Rachel Hopkins,"Hopkins, Rachel",Labour,Luton South and South Bedfordshire,House of Commons,London,SW1A 0AA,rachel.hopkins.mp@parliament.uk
Lindsay,Hoyle,Sir Lindsay Hoyle,"Hoyle, Sir Lindsay",Speaker,Chorley,House of Commons,London,SW1A 0AA,
Nigel,Huddleston,Nigel Huddleston,"Huddleston, Nigel",Conservative,Droitwich and Evesham,House of Commons,London,SW1A 0AA,nigel.huddleston.mp@parliament.uk
Neil,Hudson,Dr Neil Hudson,"Hudson, Dr Neil",Conservative,Epping Forest,House of Commons,London,SW1A 0AA,neil.hudson.mp@parliament.uk
Claire,Hughes,Claire Hughes,"Hughes, Claire",Labour,Bangor Aberconwy,House of Commons,London,SW1A 0AA,claire.hughes.mp@parliament.uk
Dáire,Hughes,Dáire Hughes,"Hughes, Dáire",Sinn Féin,Newry and Armagh,House of Commons,London,SW1A 0AA,daire.hughes.mp@parliament.uk
Alison,Hume,Alison Hume,"Hume, Alison",Labour,Scarborough and Whitby,House of Commons,London,SW1A 0AA,alison.hume.mp@parliament.uk
Jeremy,Hunt,Jeremy Hunt,"Hunt, Jeremy",Conservative,Godalming and Ash,House of Commons,London,SW1A 0AA,huntj@parliament.uk
Rupa,Huq,Dr Rupa Huq,"Huq, Dr Rupa",Labour,Ealing Central and Acton,House of Commons,London,SW1A 0AA,rupa.huq.mp@parliament.uk
Patrick,Hurley,Patrick Hurley,"Hurley, Patrick",Labour,Southport,House of Commons,London,SW1A 0AA,patrick.hurley.mp@parliament.uk
Adnan,Hussain,Mr Adnan Hussain,"Hussain, Mr Adnan",Independent,Blackburn,House of Commons,London,SW1A 0AA,adnan.hussain.mp@parliament.uk
Imran,Hussain,Imran Hussain,"Hussain, Imran",Independent,Bradford East,House of Commons,London,SW1A 0AA,imran.hussain.mp@parliament.uk
Leigh,Ingham,Leigh Ingham,"Ingham, Leigh",Labour,Stafford,House of Commons,London,SW1A 0AA,leigh.ingham.mp@parliament.uk
Natasha,Irons,Natasha Irons,"Irons, Natasha",Labour,Croydon East,House of Commons,London,SW1A 0AA,natasha.irons.mp@parliament.uk
Sally,Jameson,Sally Jameson,"Jameson, Sally",Labour (Co-op),Doncaster Central,House of Commons,London,SW1A 0AA,sally.jameson.mp@parliament.uk
Christine,Jardine,Christine Jardine,"Jardine, Christine",Liberal Democrat,Edinburgh West,House of Commons,London,SW1A 0AA,christine.jardine.mp@parliament.uk
Dan,Jarvis,Dan Jarvis,"Jarvis, Dan",Labour,Barnsley North,House of Commons,London,SW1A 0AA,dan.jarvis.mp@parliament.uk
Liz,Jarvis,Liz Jarvis,"Jarvis, Liz",Liberal Democrat,Eastleigh,House of Commons,London,SW1A 0AA,liz.jarvis.mp@parliament.uk
Bernard,Jenkin,Sir Bernard Jenkin,"Jenkin, Sir Bernard",Conservative,Harwich and North Essex,House of Commons,London,SW1A 0AA,bernard.jenkin.mp@parliament.uk
Robert,Jenrick,Robert Jenrick,"Jenrick, Robert",Conservative,Newark,House of Commons,London,SW1A 0AA,robert.jenrick.mp@parliament.uk
Terry,Jermy,Terry Jermy,"Jermy, Terry",Labour,South West Norfolk,House of Commons,London,SW1A 0AA,terry.jermy.mp@parliament.uk
Adam,Jogee,Adam Jogee,"Jogee, Adam",Labour,Newcastle-under-Lyme,House of Commons,London,SW1A 0AA,adam.jogee.mp@parliament.uk
Caroline,Johnson,Dr Caroline Johnson,"Johnson, Dr Caroline",Conservative,Sleaford and North Hykeham,House of Commons,London,SW1A 0AA,caroline.johnson.mp@parliament.uk
Diana,Johnson,Dame Diana Johnson,"Johnson, Dame Diana",Labour,Kingston upon Hull North and Cottingham,House of Commons,London,SW1A 0AA,johnsond@parliament.uk
Kim,Johnson,Kim Johnson,"Johnson, Kim",Labour,Liverpool Riverside,House of Commons,London,SW1A 0AA,kim.johnson.mp@parliament.uk
Clive,Jones,Clive Jones,"Jones, Clive",Liberal Democrat,Wokingham,House of Commons,London,SW1A 0AA,clive.jones.mp@parliament.uk
Darren,Jones,Darren Jones,"Jones, Darren",Labour,Bristol North West,House of Commons,London,SW1A 0AA,darren.jones.mp@parliament.uk
Gerald,Jones,Gerald Jones,"Jones, Gerald",Labour,Merthyr Tydfil and Aberdare,House of Commons,London,SW1A 0AA,gerald.jones.mp@parliament.uk
Lillian,Jones,Lillian Jones,"Jones, Lillian",Labour,Kilmarnock and Loudoun,House of Commons,London,SW1A 0AA,lillian.jones.mp@parliament.uk
Louise,Jones,Louise Jones,"Jones, Louise",Labour,North East Derbyshire,House of Commons,London,SW1A 0AA,louise.jones.mp@parliament.uk
Ruth,Jones,Ruth Jones,"Jones, Ruth",Labour,Newport West and Islwyn,House of Commons,London,SW1A 0AA,ruth.jones.mp@parliament.uk
Sarah,Jones,Sarah Jones,"Jones, Sarah",Labour,Croydon West,House of Commons,London,SW1A 0AA,sarah.jones.mp@parliament.uk
Lincoln,Jopp,Lincoln Jopp,"Jopp, Lincoln",Conservative,Spelthorne,House of Commons,London,SW1A 0AA,lincoln.jopp.mp@parliament.uk
Gurinder,Singh Josan,Gurinder Singh Josan,"Josan, Gurinder Singh",Labour,Smethwick,House of Commons,London,SW1A 0AA,gurinder.josan.mp@parliament.uk
Sojan,Joseph,Sojan Joseph,"Joseph, Sojan",Labour,Ashford,House of Commons,London,SW1A 0AA,sojan.joseph.mp@parliament.uk
Warinder,Juss,Warinder Juss,"Juss, Warinder",Labour,Wolverhampton West,House of Commons,London,SW1A 0AA,warinder.juss.mp@parliament.uk
Chris,Kane,Chris Kane,"Kane, Chris",Labour,Stirling and Strathallan,House of Commons,London,SW1A 0AA,chris.kane.mp@parliament.uk
Mike,Kane,Mike Kane,"Kane, Mike",Labour,Wythenshawe and Sale East,House of Commons,London,SW1A 0AA,mike.kane.mp@parliament.uk
Satvir,Kaur,Satvir Kaur,"Kaur, Satvir",Labour,Southampton Test,House of Commons,London,SW1A 0AA,satvir.kaur.mp@parliament.uk
Alicia,Kearns,Alicia Kearns,"Kearns, Alicia",Conservative,Rutland and Stamford,House of Commons,London,SW1A 0AA,alicia.kearns.mp@parliament.uk
Liz,Kendall,Liz Kendall,"Kendall, Liz",Labour,Leicester West,House of Commons,London,SW1A 0AA,liz.kendall.mp@parliament.uk
Afzal,Khan,Afzal Khan,"Khan, Afzal",Labour,Manchester Rusholme,House of Commons,London,SW1A 0AA,afzal.khan.mp@parliament.uk
Ayoub,Khan,Ayoub Khan,"Khan, Ayoub",Independent,Birmingham Perry Barr,House of Commons,London,SW1A 0AA,ayoub.khan.mp@parliament.uk
Naushabah,Khan,Naushabah Khan,"Khan, Naushabah",Labour,Gillingham and Rainham,House of Commons,London,SW1A 0AA,naushabah.khan.mp@parliament.uk
Stephen,Kinnock,Stephen Kinnock,"Kinnock, Stephen",Labour,Aberafan Maesteg,House of Commons,London,SW1A 0AA,stephen.kinnock.mp@parliament.uk
Jayne,Kirkham,Jayne Kirkham,"Kirkham, Jayne",Labour (Co-op),Truro and Falmouth,House of Commons,London,SW1A 0AA,jayne.kirkham.mp@parliament.uk
Gen,Kitchen,Gen Kitchen,"Kitchen, Gen",Labour,Wellingborough and Rushden,House of Commons,London,SW1A 0AA,gen.kitchen.mp@parliament.uk
Paul,Kohler,Mr Paul Kohler,"Kohler, Mr Paul",Liberal Democrat,Wimbledon,House of Commons,London,SW1A 0AA,paul.kohler.mp@parliament.uk
Danny,Kruger,Danny Kruger,"Kruger, Danny",Conservative,East Wiltshire,House of Commons,London,SW1A 0AA,
Sonia,Kumar,Sonia Kumar,"Kumar, Sonia",Labour,Dudley,House of Commons,London,SW1A 0AA,sonia.kumar.mp@parliament.uk
Uma,Kumaran,Uma Kumaran,"Kumaran, Uma",Labour,Stratford and Bow,House of Commons,London,SW1A 0AA,uma.kumaran.mp@parliament.uk
Peter,Kyle,Peter Kyle,"Kyle, Peter",Labour,Hove and Portslade,House of Commons,London,SW1A 0AA,peter.kyle.mp@parliament.uk
Laura,Kyrke-Smith,Laura Kyrke-Smith,"Kyrke-Smith, Laura",Labour,Aylesbury,House of Commons,London,SW1A 0AA,laura.kyrkesmith.mp@parliament.uk
Ben,Lake,Ben Lake,"Lake, Ben",Plaid Cymru,Ceredigion Preseli,House of Commons,London,SW1A 0AA,ben.lake.mp@parliament.uk
Katie,Lam,Katie Lam,"Lam, Katie",Conservative,Weald of Kent,House of Commons,London,SW1A 0AA,katie.lam.mp@parliament.uk
Peter,Lamb,Peter Lamb,"Lamb, Peter",Labour,Crawley,House of Commons,London,SW1A 0AA,peter.lamb.mp@parliament.uk
David,Lammy,Mr David Lammy,"Lammy, Mr David",Labour,Tottenham,House of Commons,London,SW1A 0AA,david.lammy.mp@parliament.uk
John,Lamont,John Lamont,"Lamont, John",Conservative,"Berwickshire, Roxburgh and Selkirk",House of Commons,London,SW1A 0AA,john.lamont.mp@parliament.uk
Ian,Lavery,Ian Lavery,"Lavery, Ian",Labour,Blyth and Ashington,House of Commons,London,SW1A 0AA,ian.lavery.mp@parliament.uk
Chris,Law,Chris Law,"Law, Chris",Scottish National Party,Dundee Central,House of Commons,London,SW1A 0AA,chris.law.mp@parliament.uk
Noah,Law,Noah Law,"Law, Noah",Labour,St Austell and Newquay,House of Commons,London,SW1A 0AA,noah.law.mp@parliament.uk
Kim,Leadbeater,Kim Leadbeater,"Leadbeater, Kim",Labour,Spen Valley,House of Commons,London,SW1A 0AA,kim.leadbeater.mp@parliament.uk
Graham,Leadbitter,Graham Leadbitter,"Leadbitter, Graham",Scottish National Party,"Moray West, Nairn and Strathspey",House of Commons,London,SW1A 0AA,graham.leadbitter.mp@parliament.uk
Edward,Leigh,Sir Edward Leigh,"Leigh, Sir Edward",Conservative,Gainsborough,House of Commons,London,SW1A 0AA,edward.leigh.mp@parliament.uk
Brian,Leishman,Brian Leishman,"Leishman, Brian",Labour,Alloa and Grangemouth,House of Commons,London,SW1A 0AA,brian.leishman.mp@parliament.uk
Emma,Lewell-Buck,Mrs Emma Lewell-Buck,"Lewell-Buck, Mrs Emma",Labour,South Shields,House of Commons,London,SW1A 0AA,emma.lewell-buck.mp@parliament.uk
Andrew,Lewin,Andrew Lewin,"Lewin, Andrew",Labour,Welwyn Hatfield,House of Commons,London,SW1A 0AA,andrew.lewin.mp@parliament.uk
Clive,Lewis,Clive Lewis,"Lewis, Clive",Labour,Norwich South,House of Commons,London,SW1A 0AA,clive.lewis.mp@parliament.uk
Julian,Lewis,Sir Julian Lewis,"Lewis, Sir Julian",Conservative,New Forest East,House of Commons,London,SW1A 0AA,
Simon,Lightwood,Simon Lightwood,"Lightwood, Simon",Labour (Co-op),Wakefield and Rothwell,House of Commons,London,SW1A 0AA,simon.lightwood.mp@parliament.uk
Carla,Lockhart,Carla Lockhart,"Lockhart, Carla",Democratic Unionist Party,Upper Bann,House of Commons,London,SW1A 0AA,carla.lockhart.mp@parliament.uk
Seamus,Logan,Seamus Logan,"Logan, Seamus",Scottish National Party,Aberdeenshire North and Moray East,House of Commons,London,SW1A 0AA,seamus.logan.mp@parliament.uk
Rebecca,Long Bailey,Rebecca Long Bailey,"Long Bailey, Rebecca",Independent,Salford,House of Commons,London,SW1A 0AA,rebecca.longbailey.mp@parliament.uk
Julia,Lopez,Julia Lopez,"Lopez, Julia",Conservative,Hornchurch and Upminster,House of Commons,London,SW1A 0AA,julia.lopez.mp@parliament.uk
Rupert,Lowe,Rupert Lowe,"Lowe, Rupert",Reform UK,Great Yarmouth,House of Commons,London,SW1A 0AA,rupert.lowe.mp@parliament.uk
Josh,MacAlister,Josh MacAlister,"MacAlister, Josh",Labour,Whitehaven and Workington,House of Commons,London,SW1A 0AA,josh.macalister.mp@parliament.uk
Douglas,McAllister,Douglas McAllister,"McAllister, Douglas",Labour,West Dunbartonshire,House of Commons,London,SW1A 0AA,douglas.mcallister.mp@parliament.uk
Kerry,McCarthy,Kerry McCarthy,"McCarthy, Kerry",Labour,Bristol East,House of Commons,London,SW1A 0AA,kerry.mccarthy.mp@parliament.uk
James,MacCleary,James MacCleary,"MacCleary, James",Liberal Democrat,Lewes,House of Commons,London,SW1A 0AA,james.maccleary.mp@parliament.uk
Martin,McCluskey,Martin McCluskey,"McCluskey, Martin",Labour,Inverclyde and Renfrewshire West,House of Commons,London,SW1A 0AA,martin.mccluskey.mp@parliament.uk
Siobhain,McDonagh,Dame Siobhain McDonagh,"McDonagh, Dame Siobhain",Labour,Mitcham and Morden,House of Commons,London,SW1A 0AA,mcdonaghs@parliament.uk
Andy,McDonald,Andy McDonald,"McDonald, Andy",Labour,Middlesbrough and Thornaby East,House of Commons,London,SW1A 0AA,andy.mcdonald.2nd@parliament.uk
Chris,McDonald,Chris McDonald,"McDonald, Chris",Labour,Stockton North,House of Commons,London,SW1A 0AA,chris.mcdonald.mp@parliament.uk
Alice,Macdonald,Alice Macdonald,"Macdonald, Alice",Labour (Co-op),Norwich North,House of Commons,London,SW1A 0AA,alice.macdonald.mp@parliament.uk
Angus,MacDonald,Mr Angus MacDonald,"MacDonald, Mr Angus",Liberal Democrat,"Inverness, Skye and West Ross-shire",House of Commons,London,SW1A 0AA,angus.macdonald.mp@parliament.uk
John,McDonnell,John McDonnell,"McDonnell, John",Independent,Hayes and Harlington,House of Commons,London,SW1A 0AA,mcdonnellj@parliament.uk
Blair,McDougall,Blair McDougall,"McDougall, Blair",Labour,East Renfrewshire,House of Commons,London,SW1A 0AA,blair.mcdougall.mp@parliament.uk
Lola,McEvoy,Lola McEvoy,"McEvoy, Lola",Labour,Darlington,House of Commons,London,SW1A 0AA,lola.mcevoy.mp@parliament.uk
Pat,McFadden,Pat McFadden,"McFadden, Pat",Labour,Wolverhampton South East,House of Commons,London,SW1A 0AA,mcfaddenp@parliament.uk
Alison,McGovern,Alison McGovern,"McGovern, Alison",Labour,Birkenhead,House of Commons,London,SW1A 0AA,alison.mcgovern.mp@parliament.uk
Alex,McIntyre,Alex McIntyre,"McIntyre, Alex",Labour,Gloucester,House of Commons,London,SW1A 0AA,alex.mcintyre.mp@parliament.uk
Gordon,McKee,Gordon McKee,"McKee, Gordon",Labour,Glasgow South,House of Commons,London,SW1A 0AA,gordon.mckee.mp@parliament.uk
Kevin,McKenna,Kevin McKenna,"McKenna, Kevin",Labour,Sittingbourne and Sheppey,House of Commons,London,SW1A 0AA,kevin.mckenna.mp@parliament.uk
Catherine,McKinnell,Catherine McKinnell,"McKinnell, Catherine",Labour,Newcastle upon Tyne North,House of Commons,London,SW1A 0AA,catherine.mckinnell.mp@parliament.uk
Jim,McMahon,Jim McMahon,"McMahon, Jim",Labour (Co-op),"Oldham West, Chadderton and Royton",House of Commons,London,SW1A 0AA,jim.mcmahon.mp@parliament.uk
Anna,McMorrin,Anna McMorrin,"McMorrin, Anna",Labour,Cardiff North,House of Commons,London,SW1A 0AA,anna.mcmorrin.mp@parliament.uk
James,McMurdock,James McMurdock,"McMurdock, James",Reform UK,South Basildon and East Thurrock,House of Commons,London,SW1A 0AA,james.mcmurdock.mp@parliament.uk
Andy,MacNae,Andy MacNae,"MacNae, Andy",Labour,Rossendale and Darwen,House of Commons,London,SW1A 0AA,andy.macnae.mp@parliament.uk
Frank,McNally,Frank McNally,"McNally, Frank",Labour,Coatbridge and Bellshill,House of Commons,London,SW1A 0AA,frank.mcnally.mp@parliament.uk
Kirsty,McNeill,Kirsty McNeill,"McNeill, Kirsty",Labour (Co-op),Midlothian,House of Commons,London,SW1A 0AA,kirsty.mcneill.mp@parliament.uk
Esther,McVey,Esther McVey,"McVey, Esther",Conservative,Tatton,House of Commons,London,SW1A 0AA,esther.mcvey.mp@parliament.uk
Justin,Madders,Justin Madders,"Madders, Justin",Labour,Ellesmere Port and Bromborough,House of Commons,London,SW1A 0AA,justin.madders.mp@parliament.uk
Ben,Maguire,Ben Maguire,"Maguire, Ben",Liberal Democrat,North Cornwall,House of Commons,London,SW1A 0AA,ben.maguire.mp@parliament.uk
Helen,Maguire,Helen Maguire,"Maguire, Helen",Liberal Democrat,Epsom and Ewell,House of Commons,London,SW1A 0AA,helen.maguire.mp@parliament.uk
Shabana,Mahmood,Shabana Mahmood,"Mahmood, Shabana",Labour,Birmingham Ladywood,House of Commons,London,SW1A 0AA,shabana.mahmood.mp@parliament.uk
Alan,Mak,Alan Mak,"Mak, Alan",Conservative,Havant,House of Commons,London,SW1A 0AA,alan.mak.mp@parliament.uk
Seema,Malhotra,Seema Malhotra,"Malhotra, Seema",Labour (Co-op),Feltham and Heston,House of Commons,London,SW1A 0AA,seema.malhotra.mp@parliament.uk
Cathal,Mallaghan,Mr Cathal Mallaghan,"Mallaghan, Mr Cathal",Sinn Féin,Mid Ulster,House of Commons,London,SW1A 0AA,cathal.mallaghan.mp@parliament.uk
Kit,Malthouse,Kit Malthouse,"Malthouse, Kit",Conservative,North West Hampshire,House of Commons,London,SW1A 0AA,kit.malthouse.mp@parliament.uk
Amanda,Martin,Amanda Martin,"Martin, Amanda",Labour,Portsmouth North,House of Commons,London,SW1A 0AA,amanda.martin.mp@parliament.uk
Mike,Martin,Mike Martin,"Martin, Mike",Liberal Democrat,Tunbridge Wells,House of Commons,London,SW1A 0AA,mike.martin.mp@parliament.uk
Rachael,Maskell,Rachael Maskell,"Maskell, Rachael",Labour (Co-op),York Central,House of Commons,London,SW1A 0AA,rachael.maskell.mp@parliament.uk
Paul,Maskey,Paul Maskey,"Maskey, Paul",Sinn Féin,Belfast West,House of Commons,London,SW1A 0AA,paul.maskey.mp@parliament.uk
Keir,Mather,Keir Mather,"Mather, Keir",Labour,Selby,House of Commons,London,SW1A 0AA,keir.mather.mp@parliament.uk
Brian,Mathew,Brian Mathew,"Mathew, Brian",Liberal Democrat,Melksham and Devizes,House of Commons,London,SW1A 0AA,brian.mathew.mp@parliament.uk
Alex,Mayer,Alex Mayer,"Mayer, Alex",Labour,Dunstable and Leighton Buzzard,House of Commons,London,SW1A 0AA,alex.mayer.mp@parliament.uk
Jerome,Mayhew,Jerome Mayhew,"Mayhew, Jerome",Conservative,Broadland and Fakenham,House of Commons,London,SW1A 0AA,jerome.mayhew.mp@parliament.uk
Charlie,Maynard,Charlie Maynard,"Maynard, Charlie",Liberal Democrat,Witney,House of Commons,London,SW1A 0AA,charlie.maynard.mp@parliament.uk
Llinos,Medi,Llinos Medi,"Medi, Llinos",Plaid Cymru,Ynys Môn,House of Commons,London,SW1A 0AA,llinos.medi.mp@parliament.uk
Anneliese,Midgley,Anneliese Midgley,"Midgley, Anneliese",Labour,Knowsley,House of Commons,London,SW1A 0AA,anneliese.midgley.mp@parliament.uk
Ed,Miliband,Ed Miliband,"Miliband, Ed",Labour,Doncaster North,House of Commons,London,SW1A 0AA,ed.miliband.mp@parliament.uk
Calum,Miller,Calum Miller,"Miller, Calum",Liberal Democrat,Bicester and Woodstock,House of Commons,London,SW1A 0AA,calum.miller.mp@parliament.uk
John,Milne,John Milne,"Milne, John",Liberal Democrat,Horsham,House of Commons,London,SW1A 0AA,john.milne.mp@parliament.uk
Julie,Minns,Ms Julie Minns,"Minns, Ms Julie",Labour,Carlisle,House of Commons,London,SW1A 0AA,julie.minns.mp@parliament.uk
Navendu,Mishra,Navendu Mishra,"Mishra, Navendu",Labour,Stockport,House of Commons,London,SW1A 0AA,navendu.mishra.mp@parliament.uk
Andrew,Mitchell,Mr Andrew Mitchell,"Mitchell, Mr Andrew",Conservative,Sutton Coldfield,House of Commons,London,SW1A 0AA,andrew.mitchell.mp@parliament.uk
Abtisam,Mohamed,Abtisam Mohamed,"Mohamed, Abtisam",Labour,Sheffield Central,House of Commons,London,SW1A 0AA,abtisam.mohamed.mp@parliament.uk
Iqbal,Mohamed,Iqbal Mohamed,"Mohamed, Iqbal",Independent,Dewsbury and Batley,House of Commons,London,SW1A 0AA,iqbal.mohamed.mp@parliament.uk
Gagan,Mohindra,Mr Gagan Mohindra,"Mohindra, Mr Gagan",Conservative,South West Hertfordshire,House of Commons,London,SW1A 0AA,gagan.mohindra.mp@parliament.uk
Perran,Moon,Perran Moon,"Moon, Perran",Labour,Camborne and Redruth,House of Commons,London,SW1A 0AA,perran.moon.mp@parliament.uk
Robbie,Moore,Robbie Moore,"Moore, Robbie",Conservative,Keighley and Ilkley,House of Commons,London,SW1A 0AA,robbie.moore.mp@parliament.uk
Layla,Moran,Layla Moran,"Moran, Layla",Liberal Democrat,Oxford West and Abingdon,House of Commons,London,SW1A 0AA,layla.moran.mp@parliament.uk
Jessica,Morden,Jessica Morden,"Morden, Jessica",Labour,Newport East,House of Commons,London,SW1A 0AA,mordenj@parliament.uk
Edward,Morello,Edward Morello,"Morello, Edward",Liberal Democrat,West Dorset,House of Commons,London,SW1A 0AA,edward.morello.mp@parliament.uk
Helen,Morgan,Helen Morgan,"Morgan, Helen",Liberal Democrat,North Shropshire,House of Commons,London,SW1A 0AA,helen.morgan.mp@parliament.uk
Stephen,Morgan,Stephen Morgan,"Morgan, Stephen",Labour,Portsmouth South,House of Commons,London,SW1A 0AA,stephen.morgan.mp@parliament.uk
Grahame,Morris,Grahame Morris,"Morris, Grahame",Labour,Easington,House of Commons,London,SW1A 0AA,grahame.morris.mp@parliament.uk
Joe,Morris,Joe Morris,"Morris, Joe",Labour,Hexham,House of Commons,London,SW1A 0AA,joe.morris.mp@parliament.uk
Tom,Morrison,Tom Morrison,"Morrison, Tom",Liberal Democrat,Cheadle,House of Commons,London,SW1A 0AA,tom.morrison.mp@parliament.uk
Joy,Morrissey,Joy Morrissey,"Morrissey, Joy",Conservative,Beaconsfield,House of Commons,London,SW1A 0AA,joy.morrissey.mp@parliament.uk
Wendy,Morton,Wendy Morton,"Morton, Wendy",Conservative,Aldridge-Brownhills,House of Commons,London,SW1A 0AA,wendy.morton.mp@parliament.uk
Kieran,Mullan,Dr Kieran Mullan,"Mullan, Dr Kieran",Conservative,Bexhill and Battle,House of Commons,London,SW1A 0AA,kieran.mullan.mp@parliament.uk
Margaret,Mullane,Margaret Mullane,"Mullane, Margaret",Labour,Dagenham and Rainham,House of Commons,London,SW1A 0AA,margaret.mullane.mp@parliament.uk
David,Mundell,David Mundell,"Mundell, David",Conservative,"Dumfriesshire, Clydesdale and Tweeddale",House of Commons,London,SW1A 0AA,david.mundell.mp@parliament.uk
Tessa,Munt,Tessa Munt,"Munt, Tessa",Liberal Democrat,Wells and Mendip Hills,House of Commons,London,SW1A 0AA,tessa.munt.mp@parliament.uk
Luke,Murphy,Luke Murphy,"Murphy, Luke",Labour,Basingstoke,House of Commons,London,SW1A 0AA,luke.murphy.mp@parliament.uk
Chris,Murray,Chris Murray,"Murray, Chris",Labour,Edinburgh East and Musselburgh,House of Commons,London,SW1A 0AA,chris.murray.mp@parliament.uk
Ian,Murray,Ian Murray,"Murray, Ian",Labour,Edinburgh South,House of Commons,London,SW1A 0AA,ian.murray.mp@parliament.uk
James,Murray,James Murray,"Murray, James",Labour (Co-op),Ealing North,House of Commons,London,SW1A 0AA,james.murray.mp@parliament.uk
Katrina,Murray,Katrina Murray,"Murray, Katrina",Labour,Cumbernauld and Kirkintilloch,House of Commons,London,SW1A 0AA,katrina.murray.mp@parliament.uk
Susan,Murray,Susan Murray,"Murray, Susan",Liberal Democrat,Mid Dunbartonshire,House of Commons,London,SW1A 0AA,susan.murray.mp@parliament.uk
Andrew,Murrison,Dr Andrew Murrison,"Murrison, Dr Andrew",Conservative,South West Wiltshire,House of Commons,London,SW1A 0AA,murrisona@parliament.uk
Luke,Myer,Luke Myer,"Myer, Luke",Labour,Middlesbrough South and East Cleveland,House of Commons,London,SW1A 0AA,luke.myer.mp@parliament.uk
James,Naish,James Naish,"Naish, James",Labour,Rushcliffe,House of Commons,London,SW1A 0AA,james.naish.mp@parliament.uk
Connor,Naismith,Connor Naismith,"Naismith, Connor",Labour,Crewe and Nantwich,House of Commons,London,SW1A 0AA,connor.naismith.mp@parliament.uk
Lisa,Nandy,Lisa Nandy,"Nandy, Lisa",Labour,Wigan,House of Commons,London,SW1A 0AA,lisa.nandy.mp@parliament.uk
Kanishka,Narayan,Kanishka Narayan,"Narayan, Kanishka",Labour,Vale of Glamorgan,House of Commons,London,SW1A 0AA,kanishka.narayan.mp@parliament.uk
Pamela,Nash,Pamela Nash,"Nash, Pamela",Labour,"Motherwell, Wishaw and Carluke",House of Commons,London,SW1A 0AA,pamela.nash.mp@parliament.uk
Josh,Newbury,Josh Newbury,"Newbury, Josh",Labour,Cannock Chase,House of Commons,London,SW1A 0AA,josh.newbury.mp@parliament.uk
Samantha,Niblett,Samantha Niblett,"Niblett, Samantha",Labour,South Derbyshire,House of Commons,London,SW1A 0AA,samantha.niblett.mp@parliament.uk
Charlotte,Nichols,Charlotte Nichols,"Nichols, Charlotte",Labour,Warrington North,House of Commons,London,SW1A 0AA,charlotte.nichols.mp@parliament.uk
Caroline,Nokes,Caroline Nokes,"Nokes, Caroline",Conservative,Romsey and Southampton North,House of Commons,London,SW1A 0AA,caroline.nokes.mp@parliament.uk
Jesse,Norman,Jesse Norman,"Norman, Jesse",Conservative,Hereford and South Herefordshire,House of Commons,London,SW1A 0AA,jesse.norman.mp@parliament.uk
Alex,Norris,Alex Norris,"Norris, Alex",Labour (Co-op),Nottingham North and Kimberley,House of Commons,London,SW1A 0AA,alex.norris.mp@parliament.uk
Dan,Norris,Dan Norris,"Norris, Dan",Labour,North East Somerset and Hanham,House of Commons,London,SW1A 0AA,dan.norris.mp@parliament.uk
Ben,Obese-Jecty,Ben Obese-Jecty,"Obese-Jecty, Ben",Conservative,Huntingdon,House of Commons,London,SW1A 0AA,ben.obesejecty.mp@parliament.uk
Neil,O'Brien,Neil O'Brien,"O'Brien, Neil",Conservative,"Harborough, Oadby and Wigston",House of Commons,London,SW1A 0AA,neil.obrien.mp@parliament.uk
Brendan,O'Hara,Brendan O'Hara,"O'Hara, Brendan",Scottish National Party,"Argyll, Bute and South Lochaber",House of Commons,London,SW1A 0AA,brendan.ohara.mp@parliament.uk
Sarah,Olney,Sarah Olney,"Olney, Sarah",Liberal Democrat,Richmond Park,House of Commons,London,SW1A 0AA,sarah.olney.mp@parliament.uk
Melanie,Onn,Melanie Onn,"Onn, Melanie",Labour,Great Grimsby and Cleethorpes,House of Commons,London,SW1A 0AA,melanie.onn.mp@parliament.uk
Chi,Onwurah,Chi Onwurah,"Onwurah, Chi",Labour,Newcastle upon Tyne Central and West,House of Commons,London,SW1A 0AA,chi.onwurah.mp@parliament.uk
Simon,Opher,Dr Simon Opher,"Opher, Dr Simon",Labour,Stroud,House of Commons,London,SW1A 0AA,simon.opher.mp@parliament.uk
Abena,Oppong-Asare,Ms Abena Oppong-Asare,"Oppong-Asare, Ms Abena",Labour,Erith and Thamesmead,House of Commons,London,SW1A 0AA,
Kate,Osamor,Kate Osamor,"Osamor, Kate",Labour (Co-op),Edmonton and Winchmore Hill,House of Commons,London,SW1A 0AA,kate.osamor.mp@parliament.uk
Kate,Osborne,Kate Osborne,"Osborne, Kate",Labour,Jarrow and Gateshead East,House of Commons,London,SW1A 0AA,kate.osborne.mp@parliament.uk
Tristan,Osborne,Tristan Osborne,"Osborne, Tristan",Labour,Chatham and Aylesford,House of Commons,London,SW1A 0AA,tristan.osborne.mp@parliament.uk
Taiwo,Owatemi,Taiwo Owatemi,"Owatemi, Taiwo",Labour,Coventry North West,House of Commons,London,SW1A 0AA,taiwo.owatemi.mp@parliament.uk
Sarah,Owen,Sarah Owen,"Owen, Sarah",Labour,Luton North,House of Commons,London,SW1A 0AA,sarah.owen.mp@parliament.uk
Darren,Paffey,Darren Paffey,"Paffey, Darren",Labour,Southampton Itchen,House of Commons,London,SW1A 0AA,darren.paffey.mp@parliament.uk
Andrew,Pakes,Andrew Pakes,"Pakes, Andrew",Labour (Co-op),Peterborough,House of Commons,London,SW1A 0AA,andrew.pakes.mp@parliament.uk
Priti,Patel,Priti Patel,"Patel, Priti",Conservative,Witham,House of Commons,London,SW1A 0AA,withammp@parliament.uk
Matthew,Patrick,Matthew Patrick,"Patrick, Matthew",Labour,Wirral West,House of Commons,London,SW1A 0AA,matthew.patrick.mp@parliament.uk
Rebecca,Paul,Rebecca Paul,"Paul, Rebecca",Conservative,Reigate,House of Commons,London,SW1A 0AA,rebecca.paul.mp@parliament.uk
Michael,Payne,Michael Payne,"Payne, Michael",Labour,Gedling,House of Commons,London,SW1A 0AA,michael.payne.mp@parliament.uk
Stephanie,Peacock,Stephanie Peacock,"Peacock, Stephanie",Labour,Barnsley South,House of Commons,London,SW1A 0AA,stephanie.peacock.mp@parliament.uk
Jon,Pearce,Jon Pearce,"Pearce, Jon",Labour,High Peak,House of Commons,London,SW1A 0AA,jon.pearce.mp@parliament.uk
Matthew,Pennycook,Matthew Pennycook,"Pennycook, Matthew",Labour,Greenwich and Woolwich,House of Commons,London,SW1A 0AA,matthew.pennycook.mp@parliament.uk
Toby,Perkins,Mr Toby Perkins,"Perkins, Mr Toby",Labour,Chesterfield,House of Commons,London,SW1A 0AA,toby.perkins.mp@parliament.uk
Manuela,Perteghella,Manuela Perteghella,"Perteghella, Manuela",Liberal Democrat,Stratford-on-Avon,House of Commons,London,SW1A 0AA,manuela.perteghella.mp@parliament.uk
Jess,Phillips,Jess Phillips,"Phillips, Jess",Labour,Birmingham Yardley,House of Commons,London,SW1A 0AA,jess.phillips.mp@parliament.uk
Bridget,Phillipson,Bridget Phillipson,"Phillipson, Bridget",Labour,Houghton and Sunderland South,House of Commons,London,SW1A 0AA,bridget.phillipson.mp@parliament.uk
Chris,Philp,Chris Philp,"Philp, Chris",Conservative,Croydon South,House of Commons,London,SW1A 0AA,chris.philp.mp@parliament.uk
Al,Pinkerton,Dr Al Pinkerton,"Pinkerton, Dr Al",Liberal Democrat,Surrey Heath,House of Commons,London,SW1A 0AA,al.pinkerton.mp@parliament.uk
David,Pinto-Duschinsky,David Pinto-Duschinsky,"Pinto-Duschinsky, David",Labour,Hendon,House of Commons,London,SW1A 0AA,david.pintoduschinsky.mp@parliament.uk
Lee,Pitcher,Lee Pitcher,"Pitcher, Lee",Labour,Doncaster East and the Isle of Axholme,House of Commons,London,SW1A 0AA,lee.pitcher.mp@parliament.uk
Jo,Platt,Jo Platt,"Platt, Jo",Labour (Co-op),Leigh and Atherton,House of Commons,London,SW1A 0AA,jo.platt.mp@parliament.uk
Luke,Pollard,Luke Pollard,"Pollard, Luke",Labour (Co-op),Plymouth Sutton and Devonport,House of Commons,London,SW1A 0AA,luke.pollard.mp@parliament.uk
Joe,Powell,Joe Powell,"Powell, Joe",Labour,Kensington and Bayswater,House of Commons,London,SW1A 0AA,joe.powell.mp@parliament.uk
Lucy,Powell,Lucy Powell,"Powell, Lucy",Labour (Co-op),Manchester Central,House of Commons,London,SW1A 0AA,contact@lucypowell.org.uk
Gregor,Poynton,Gregor Poynton,"Poynton, Gregor",Labour,Livingston,House of Commons,London,SW1A 0AA,gregor.poynton.mp@parliament.uk
Peter,Prinsley,Peter Prinsley,"Prinsley, Peter",Labour,Bury St Edmunds and Stowmarket,House of Commons,London,SW1A 0AA,peter.prinsley.mp@parliament.uk
Mark,Pritchard,Mark Pritchard,"Pritchard, Mark",Conservative,The Wrekin,House of Commons,London,SW1A 0AA,mark.pritchard.mp@parliament.uk
Richard,Quigley,Mr Richard Quigley,"Quigley, Mr Richard",Labour,Isle of Wight West,House of Commons,London,SW1A 0AA,richard.quigley.mp@parliament.uk
Yasmin,Qureshi,Yasmin Qureshi,"Qureshi, Yasmin",Labour,Bolton South and Walkden,House of Commons,London,SW1A 0AA,yasmin.qureshi.mp@parliament.uk
Steve,Race,Steve Race,"Race, Steve",Labour,Exeter,House of Commons,London,SW1A 0AA,steve.race.mp@parliament.uk
Shivani,Raja,Shivani Raja,"Raja, Shivani",Conservative,Leicester East,House of Commons,London,SW1A 0AA,shivani.raja.mp@parliament.uk
Adrian,Ramsay,Adrian Ramsay,"Ramsay, Adrian",Green Party,Waveney Valley,House of Commons,London,SW1A 0AA,adrian.ramsay.mp@parliament.uk
Connor,Rand,Mr Connor Rand,"Rand, Mr Connor",Labour,Altrincham and Sale West,House of Commons,London,SW1A 0AA,connor.rand.mp@parliament.uk
Andrew,Ranger,Andrew Ranger,"Ranger, Andrew",Labour,Wrexham,House of Commons,London,SW1A 0AA,andrew.ranger.mp@parliament.uk
Jack,Rankin,Jack Rankin,"Rankin, Jack",Conservative,Windsor,House of Commons,London,SW1A 0AA,jack.rankin.mp@parliament.uk
Angela,Rayner,Angela Rayner,"Rayner, Angela",Labour,Ashton-under-Lyne,House of Commons,London,SW1A 0AA,angela.rayner.mp@parliament.uk
Mike,Reader,Mike Reader,"Reader, Mike",Labour,Northampton South,House of Commons,London,SW1A 0AA,mike.reader.mp@parliament.uk
David,Reed,David Reed,"Reed, David",Conservative,Exmouth and Exeter East,House of Commons,London,SW1A 0AA,david.reed.mp@parliament.uk
Steve,Reed,Steve Reed,"Reed, Steve",Labour (Co-op),Streatham and Croydon North,House of Commons,London,SW1A 0AA,steve.reed.mp@parliament.uk
Ellie,Reeves,Ellie Reeves,"Reeves, Ellie",Labour,Lewisham West and East Dulwich,House of Commons,London,SW1A 0AA,ellie.reeves.mp@parliament.uk
Rachel,Reeves,Rachel Reeves,"Reeves, Rachel",Labour,Leeds West and Pudsey,House of Commons,London,SW1A 0AA,rachel.reeves.mp@parliament.uk
Joani,Reid,Joani Reid,"Reid, Joani",Labour,East Kilbride and Strathaven,House of Commons,London,SW1A 0AA,joani.reid.mp@parliament.uk
Emma,Reynolds,Emma Reynolds,"Reynolds, Emma",Labour,Wycombe,House of Commons,London,SW1A 0AA,emma.reynolds.mp@parliament.uk
Jonathan,Reynolds,Jonathan Reynolds,"Reynolds, Jonathan",Labour (Co-op),Stalybridge and Hyde,House of Commons,London,SW1A 0AA,jonathan.reynolds.mp@parliament.uk
Joshua,Reynolds,Mr Joshua Reynolds,"Reynolds, Mr Joshua",Liberal Democrat,Maidenhead,House of Commons,London,SW1A 0AA,joshua.reynolds.mp@parliament.uk
Martin,Rhodes,Martin Rhodes,"Rhodes, Martin",Labour,Glasgow North,House of Commons,London,SW1A 0AA,martin.rhodes.mp@parliament.uk
Bell,Ribeiro-Addy,Bell Ribeiro-Addy,"Ribeiro-Addy, Bell",Labour,Clapham and Brixton Hill,House of Commons,London,SW1A 0AA,bell.ribeiroaddy.mp@parliament.uk
Jake,Richards,Jake Richards,"Richards, Jake",Labour,Rother Valley,House of Commons,London,SW1A 0AA,jake.richards.mp@parliament.uk
Jenny,Riddell-Carpenter,Jenny Riddell-Carpenter,"Riddell-Carpenter, Jenny",Labour,Suffolk Coastal,House of Commons,London,SW1A 0AA,jenny.riddellcarpenter.mp@parliament.uk
Lucy,Rigby,Lucy Rigby,"Rigby, Lucy",Labour,Northampton North,House of Commons,London,SW1A 0AA,lucy.rigby.mp@parliament.uk
Marie,Rimmer,Ms Marie Rimmer,"Rimmer, Ms Marie",Labour,St Helens South and Whiston,House of Commons,London,SW1A 0AA,marie.rimmer.mp@parliament.uk
Dave,Robertson,Dave Robertson,"Robertson, Dave",Labour,Lichfield,House of Commons,London,SW1A 0AA,dave.robertson.mp@parliament.uk
Joe,Robertson,Joe Robertson,"Robertson, Joe",Conservative,Isle of Wight East,House of Commons,London,SW1A 0AA,joe.robertson.mp@parliament.uk
Gavin,Robinson,Gavin Robinson,"Robinson, Gavin",Democratic Unionist Party,Belfast East,House of Commons,London,SW1A 0AA,gavin.robinson.mp@parliament.uk
Tim,Roca,Tim Roca,"Roca, Tim",Labour,Macclesfield,House of Commons,London,SW1A 0AA,tim.roca.mp@parliament.uk
Matt,Rodda,Matt Rodda,"Rodda, Matt",Labour,Reading Central,House of Commons,London,SW1A 0AA,matt.rodda.mp@parliament.uk
Ian,Roome,Ian Roome,"Roome, Ian",Liberal Democrat,North Devon,House of Commons,London,SW1A 0AA,ian.roome.mp@parliament.uk
Andrew,Rosindell,Andrew Rosindell,"Rosindell, Andrew",Conservative,Romford,House of Commons,London,SW1A 0AA,andrew.rosindell.mp@parliament.uk
Sam,Rushworth,Sam Rushworth,"Rushworth, Sam",Labour,Bishop Auckland,House of Commons,London,SW1A 0AA,sam.rushworth.mp@parliament.uk
Sarah,Russell,Mrs Sarah Russell,"Russell, Mrs Sarah",Labour,Congleton,House of Commons,London,SW1A 0AA,sarah.russell.mp@parliament.uk
Tom,Rutland,Tom Rutland,"Rutland, Tom",Labour,East Worthing and Shoreham,House of Commons,London,SW1A 0AA,tom.rutland.mp@parliament.uk
Oliver,Ryan,Oliver Ryan,"Ryan, Oliver",Labour (Co-op),Burnley,House of Commons,London,SW1A 0AA,oliver.ryan.mp@parliament.uk
Anna,Sabine,Anna Sabine,"Sabine, Anna",Liberal Democrat,Frome and East Somerset,House of Commons,London,SW1A 0AA,anna.sabine.mp@parliament.uk
Sarah,Sackman,Sarah Sackman,"Sackman, Sarah",Labour,Finchley and Golders Green,House of Commons,London,SW1A 0AA,sarah.sackman.mp@parliament.uk
Jeevun,Sandher,Dr Jeevun Sandher,"Sandher, Dr Jeevun",Labour,Loughborough,House of Commons,London,SW1A 0AA,jeevun.sandher.mp@parliament.uk
Roz,Savage,Dr Roz Savage,"Savage, Dr Roz",Liberal Democrat,South Cotswolds,House of Commons,London,SW1A 0AA,roz.savage.mp@parliament.uk
Liz,Saville Roberts,Liz Saville Roberts,"Saville Roberts, Liz",Plaid Cymru,Dwyfor Meirionnydd,House of Commons,London,SW1A 0AA,liz.savilleroberts.mp@parliament.uk
Michelle,Scrogham,Michelle Scrogham,"Scrogham, Michelle",Labour,Barrow and Furness,House of Commons,London,SW1A 0AA,michelle.scrogham.mp@parliament.uk
Mark,Sewards,Mark Sewards,"Sewards, Mark",Labour,Leeds South West and Morley,House of Commons,London,SW1A 0AA,mark.sewards.mp@parliament.uk
Naz,Shah,Naz Shah,"Shah, Naz",Labour,Bradford West,House of Commons,London,SW1A 0AA,naz.shah.mp@parliament.uk
Baggy,Shanker,Baggy Shanker,"Shanker, Baggy",Labour (Co-op),Derby South,House of Commons,London,SW1A 0AA,baggy.shanker.mp@parliament.uk
Michael,Shanks,Michael Shanks,"Shanks, Michael",Labour,Rutherglen,House of Commons,London,SW1A 0AA,michael.shanks.mp@parliament.uk
Jim,Shannon,Jim Shannon,"Shannon, Jim",Democratic Unionist Party,Strangford,House of Commons,London,SW1A 0AA,jim.shannon.mp@parliament.uk
Neil,Shastri-Hurst,Dr Neil Shastri-Hurst,"Shastri-Hurst, Dr Neil",Conservative,Solihull West and Shirley,House of Commons,London,SW1A 0AA,neil.shastrihurst.mp@parliament.uk
Alec,Shelbrooke,Sir Alec Shelbrooke,"Shelbrooke, Sir Alec",Conservative,Wetherby and Easingwold,House of Commons,London,SW1A 0AA,alec.shelbrooke.mp@parliament.uk
Tulip,Siddiq,Tulip Siddiq,"Siddiq, Tulip",Labour,Hampstead and Highgate,House of Commons,London,SW1A 0AA,tulip.siddiq.mp@parliament.uk
David,Simmonds,David Simmonds,"Simmonds, David",Conservative,"Ruislip, Northwood and Pinner",House of Commons,London,SW1A 0AA,david.simmonds.mp@parliament.uk
Josh,Simons,Josh Simons,"Simons, Josh",Labour,Makerfield,House of Commons,London,SW1A 0AA,josh.simons.mp@parliament.uk
Vikki,Slade,Vikki Slade,"Slade, Vikki",Liberal Democrat,Mid Dorset and North Poole,House of Commons,London,SW1A 0AA,vikki.slade.mp@parliament.uk
Andy,Slaughter,Andy Slaughter,"Slaughter, Andy",Labour,Hammersmith and Chiswick,House of Commons,London,SW1A 0AA,slaughtera@parliament.uk
John,Slinger,John Slinger,"Slinger, John",Labour,Rugby,House of Commons,London,SW1A 0AA,john.slinger.mp@parliament.uk
Lisa,Smart,Lisa Smart,"Smart, Lisa",Liberal Democrat,Hazel Grove,House of Commons,London,SW1A 0AA,lisa.smart.mp@parliament.uk
Cat,Smith,Cat Smith,"Smith, Cat",Labour,Lancaster and Wyre,House of Commons,London,SW1A 0AA,cat.smith.mp@parliament.uk
David,Smith,David Smith,"Smith, David",Labour,North Northumberland,House of Commons,London,SW1A 0AA,david.smith.mp@parliament.uk
Greg,Smith,Greg Smith,"Smith, Greg",Conservative,Mid Buckinghamshire,House of Commons,London,SW1A 0AA,greg.smith.mp@parliament.uk
Jeff,Smith,Jeff Smith,"Smith, Jeff",Labour,Manchester Withington,House of Commons,London,SW1A 0AA,jeff.smith.mp@parliament.uk
Julian,Smith,Sir Julian Smith,"Smith, Sir Julian",Conservative,Skipton and Ripon,House of Commons,London,SW1A 0AA,julian.smith.mp@parliament.uk
Nick,Smith,Nick Smith,"Smith, Nick",Labour,Blaenau Gwent and Rhymney,House of Commons,London,SW1A 0AA,nick.smith.mp@parliament.uk
Rebecca,Smith,Rebecca Smith,"Smith, Rebecca",Conservative,South West Devon,House of Commons,London,SW1A 0AA,rebecca.smith.mp@parliament.uk
Sarah,Smith,Sarah Smith,"Smith, Sarah",Labour,Hyndburn,House of Commons,London,SW1A 0AA,sarah.smith.mp@parliament.uk
Karin,Smyth,Karin Smyth,"Smyth, Karin",Labour,Bristol South,House of Commons,London,SW1A 0AA,karin.smyth.mp@parliament.uk
Gareth,Snell,Gareth Snell,"Snell, Gareth",Labour (Co-op),Stoke-on-Trent Central,House of Commons,London,SW1A 0AA,gareth.snell.mp@parliament.uk
Andrew,Snowden,Mr Andrew Snowden,"Snowden, Mr Andrew",Conservative,Fylde,House of Commons,London,SW1A 0AA,andrew.snowden.mp@parliament.uk
Alex,Sobel,Alex Sobel,"Sobel, Alex",Labour (Co-op),Leeds Central and Headingley,House of Commons,London,SW1A 0AA,alex.sobel.mp@parliament.uk
Ian,Sollom,Ian Sollom,"Sollom, Ian",Liberal Democrat,St Neots and Mid Cambridgeshire,House of Commons,London,SW1A 0AA,ian.sollom.mp@parliament.uk
Ben,Spencer,Dr Ben Spencer,"Spencer, Dr Ben",Conservative,Runnymede and Weybridge,House of Commons,London,SW1A 0AA,ben.spencer.mp@parliament.uk
Patrick,Spencer,Patrick Spencer,"Spencer, Patrick",Conservative,Central Suffolk and North Ipswich,House of Commons,London,SW1A 0AA,patrick.spencer.mp@parliament.uk
Gregory,Stafford,Gregory Stafford,"Stafford, Gregory",Conservative,Farnham and Bordon,House of Commons,London,SW1A 0AA,greg.stafford.mp@parliament.uk
Euan,Stainbank,Euan Stainbank,"Stainbank, Euan",Labour,Falkirk,House of Commons,London,SW1A 0AA,euan.stainbank.mp@parliament.uk
Keir,Starmer,Sir Keir Starmer,"Starmer, Sir Keir",Labour,Holborn and St Pancras,House of Commons,London,SW1A 0AA,keir.starmer.mp@parliament.uk
Blake,Stephenson,Blake Stephenson,"Stephenson, Blake",Conservative,Mid Bedfordshire,House of Commons,London,SW1A 0AA,blake.stephenson.mp@parliament.uk
Jo,Stevens,Jo Stevens,"Stevens, Jo",Labour,Cardiff East,House of Commons,London,SW1A 0AA,jo.stevens.mp@parliament.uk
Kenneth,Stevenson,Kenneth Stevenson,"Stevenson, Kenneth",Labour,Airdrie and Shotts,House of Commons,London,SW1A 0AA,kenneth.stevenson.mp@parliament.uk
Elaine,Stewart,Elaine Stewart,"Stewart, Elaine",Labour,"Ayr, Carrick and Cumnock",House of Commons,London,SW1A 0AA,elaine.stewart.mp@parliament.uk
Jamie,Stone,Jamie Stone,"Stone, Jamie",Liberal Democrat,"Caithness, Sutherland and Easter Ross",House of Commons,London,SW1A 0AA,jamie.stone.mp@parliament.uk
Will,Stone,Will Stone,"Stone, Will",Labour,Swindon North,House of Commons,London,SW1A 0AA,will.stone.mp@parliament.uk
Alistair,Strathern,Alistair Strathern,"Strathern, Alistair",Labour,Hitchin,House of Commons,London,SW1A 0AA,alistair.strathern.mp@parliament.uk
Wes,Streeting,Wes Streeting,"Streeting, Wes",Labour,Ilford North,House of Commons,London,SW1A 0AA,wes.streeting.mp@parliament.uk
Alan,Strickland,Alan Strickland,"Strickland, Alan",Labour,Newton Aycliffe and Spennymoor,House of Commons,London,SW1A 0AA,alan.strickland.mp@parliament.uk
Mel,Stride,Mel Stride,"Stride, Mel",Conservative,Central Devon,House of Commons,London,SW1A 0AA,mel.stride.mp@parliament.uk
Graham,Stringer,Graham Stringer,"Stringer, Graham",Labour,Blackley and Middleton South,House of Commons,London,SW1A 0AA,graham.stringer.mp@parliament.uk
Graham,Stuart,Graham Stuart,"Stuart, Graham",Conservative,Beverley and Holderness,House of Commons,London,SW1A 0AA,grahamstuartmp@parliament.uk
Kirsteen,Sullivan,Kirsteen Sullivan,"Sullivan, Kirsteen",Labour (Co-op),Bathgate and Linlithgow,House of Commons,London,SW1A 0AA,kirsteen.sullivan.mp@parliament.uk
Lauren,Sullivan,Dr Lauren Sullivan,"Sullivan, Dr Lauren",Labour,Gravesham,House of Commons,London,SW1A 0AA,lauren.sullivan.mp@parliament.uk
Zarah,Sultana,Zarah Sultana,"Sultana, Zarah",Independent,Coventry South,House of Commons,London,SW1A 0AA,zarah.sultana.mp@parliament.uk
Rishi,Sunak,Rishi Sunak,"Sunak, Rishi",Conservative,Richmond and Northallerton,House of Commons,London,SW1A 0AA,rishi.sunak.mp@parliament.uk
Peter,Swallow,Peter Swallow,"Swallow, Peter",Labour,Bracknell,House of Commons,London,SW1A 0AA,peter.swallow.mp@parliament.uk
Robin,Swann,Robin Swann,"Swann, Robin",Ulster Unionist Party,South Antrim,House of Commons,London,SW1A 0AA,robin.swann.mp@parliament.uk
Desmond,Swayne,Sir Desmond Swayne,"Swayne, Sir Desmond",Conservative,New Forest West,House of Commons,London,SW1A 0AA,swayned@parliament.uk
Mark,Tami,Mark Tami,"Tami, Mark",Labour,Alyn and Deeside,House of Commons,London,SW1A 0AA,tamim@parliament.uk
Mike,Tapp,Mike Tapp,"Tapp, Mike",Labour,Dover and Deal,House of Commons,London,SW1A 0AA,mike.tapp.mp@parliament.uk
Alison,Taylor,Alison Taylor,"Taylor, Alison",Labour,Paisley and Renfrewshire North,House of Commons,London,SW1A 0AA,alison.taylor.mp@parliament.uk
David,Taylor,David Taylor,"Taylor, David",Labour,Hemel Hempstead,House of Commons,London,SW1A 0AA,david.taylor.mp@parliament.uk
Luke,Taylor,Luke Taylor,"Taylor, Luke",Liberal Democrat,Sutton and Cheam,House of Commons,London,SW1A 0AA,luke.taylor.mp@parliament.uk
Rachel,Taylor,Rachel Taylor,"Taylor, Rachel",Labour,North Warwickshire and Bedworth,House of Commons,London,SW1A 0AA,rachel.taylor.mp@parliament.uk
Bradley,Thomas,Bradley Thomas,"Thomas, Bradley",Conservative,Bromsgrove,House of Commons,London,SW1A 0AA,bradley.thomas.mp@parliament.uk
Cameron,Thomas,Cameron Thomas,"Thomas, Cameron",Liberal Democrat,Tewkesbury,House of Commons,London,SW1A 0AA,cameron.thomas.mp@parliament.uk
Fred,Thomas,Fred Thomas,"Thomas, Fred",Labour,Plymouth Moor View,House of Commons,London,SW1A 0AA,fred.thomas.mp@parliament.uk
Gareth,Thomas,Gareth Thomas,"Thomas, Gareth",Labour (Co-op),Harrow West,House of Commons,London,SW1A 0AA,gareth.thomas.mp@parliament.uk
Nick,Thomas-Symonds,Nick Thomas-Symonds,"Thomas-Symonds, Nick",Labour,Torfaen,House of Commons,London,SW1A 0AA,nick.thomassymonds.mp@parliament.uk
Adam,Thompson,Adam Thompson,"Thompson, Adam",Labour,Erewash,House of Commons,London,SW1A 0AA,adam.thompson.mp@parliament.uk
Emily,Thornberry,Emily Thornberry,"Thornberry, Emily",Labour,Islington South and Finsbury,House of Commons,London,SW1A 0AA,thornberrye@parliament.uk
Richard,Tice,Richard Tice,"Tice, Richard",Reform UK,Boston and Skegness,House of Commons,London,SW1A 0AA,richard.tice.mp@parliament.uk
Marie,Tidball,Dr Marie Tidball,"Tidball, Dr Marie",Labour,Penistone and Stocksbridge,House of Commons,London,SW1A 0AA,marie.tidball.mp@parliament.uk
Stephen,Timms,Sir Stephen Timms,"Timms, Sir Stephen",Labour,East Ham,House of Commons,London,SW1A 0AA,timmss@parliament.uk
Nick,Timothy,Nick Timothy,"Timothy, Nick",Conservative,West Suffolk,House of Commons,London,SW1A 0AA,nick.timothy.mp@parliament.uk
Jessica,Toale,Jessica Toale,"Toale, Jessica",Labour,Bournemouth West,House of Commons,London,SW1A 0AA,jessica.toale.mp@parliament.uk
Dan,Tomlinson,Dan Tomlinson,"Tomlinson, Dan",Labour,Chipping Barnet,House of Commons,London,SW1A 0AA,dan.tomlinson.mp@parliament.uk
Jon,Trickett,Jon Trickett,"Trickett, Jon",Labour,Normanton and Hemsworth,House of Commons,London,SW1A 0AA,trickettj@parliament.uk
Laura,Trott,Laura Trott,"Trott, Laura",Conservative,Sevenoaks,House of Commons,London,SW1A 0AA,laura.trott.mp@parliament.uk
Henry,Tufnell,Henry Tufnell,"Tufnell, Henry",Labour,Mid and South Pembrokeshire,House of Commons,London,SW1A 0AA,henry.tufnell.mp@parliament.uk
Tom,Tugendhat,Tom Tugendhat,"Tugendhat, Tom",Conservative,Tonbridge,House of Commons,London,SW1A 0AA,tom.tugendhat.mp@parliament.uk
Anna,Turley,Anna Turley,"Turley, Anna",Labour (Co-op),Redcar,House of Commons,London,SW1A 0AA,anna.turley.mp@parliament.uk
Matt,Turmaine,Matt Turmaine,"Turmaine, Matt",Labour,Watford,House of Commons,London,SW1A 0AA,matt.turmaine.mp@parliament.uk
Karl,Turner,Karl Turner,"Turner, Karl",Labour,Kingston upon Hull East,House of Commons,London,SW1A 0AA,karl.turner.mp@parliament.uk
Laurence,Turner,Laurence Turner,"Turner, Laurence",Labour,Birmingham Northfield,House of Commons,London,SW1A 0AA,laurence.turner.mp@parliament.uk
Derek,Twigg,Derek Twigg,"Twigg, Derek",Labour,Widnes and Halewood,House of Commons,London,SW1A 0AA,derek.twigg.mp@parliament.uk
Liz,Twist,Liz Twist,"Twist, Liz",Labour,Blaydon and Consett,House of Commons,London,SW1A 0AA,liz.twist.mp@parliament.uk
Harpreet,Uppal,Harpreet Uppal,"Uppal, Harpreet",Labour,Huddersfield,House of Commons,London,SW1A 0AA,harpreet.uppal.mp@parliament.uk
Freddie,van Mierlo,Freddie van Mierlo,"van Mierlo, Freddie",Liberal Democrat,Henley and Thame,House of Commons,London,SW1A 0AA,freddie.vanmierlo.mp@parliament.uk
Tony,Vaughan,Tony Vaughan,"Vaughan, Tony",Labour,Folkestone and Hythe,House of Commons,London,SW1A 0AA,tony.vaughan.mp@parliament.uk
Valerie,Vaz,Valerie Vaz,"Vaz, Valerie",Labour,Walsall and Bloxwich,House of Commons,London,SW1A 0AA,valerie.vaz.mp@parliament.uk
Martin,Vickers,Martin Vickers,"Vickers, Martin",Conservative,Brigg and Immingham,House of Commons,London,SW1A 0AA,martin.vickers.mp@parliament.uk
Matt,Vickers,Matt Vickers,"Vickers, Matt",Conservative,Stockton West,House of Commons,London,SW1A 0AA,matt.vickers.mp@parliament.uk
Chris,Vince,Chris Vince,"Vince, Chris",Labour (Co-op),Harlow,House of Commons,London,SW1A 0AA,chris.vince.mp@parliament.uk
Caroline,Voaden,Caroline Voaden,"Voaden, Caroline",Liberal Democrat,South Devon,House of Commons,London,SW1A 0AA,caroline.voaden.mp@parliament.uk
Christian,Wakeford,Christian Wakeford,"Wakeford, Christian",Labour,Bury South,House of Commons,London,SW1A 0AA,christian.wakeford.mp@parliament.uk
Imogen,Walker,Imogen Walker,"Walker, Imogen",Labour,Hamilton and Clyde Valley,House of Commons,London,SW1A 0AA,imogen.walker.mp@parliament.uk
Chris,Ward,Chris Ward,"Ward, Chris",Labour,Brighton Kemptown and Peacehaven,House of Commons,London,SW1A 0AA,chris.ward.mp@parliament.uk
Melanie,Ward,Melanie Ward,"Ward, Melanie",Labour,Cowdenbeath and Kirkcaldy,House of Commons,London,SW1A 0AA,melanie.ward.mp@parliament.uk
Paul,Waugh,Paul Waugh,"Waugh, Paul",Labour (Co-op),Rochdale,House of Commons,London,SW1A 0AA,paul.waugh.mp@parliament.uk
Chris,Webb,Chris Webb,"Webb, Chris",Labour,Blackpool South,House of Commons,London,SW1A 0AA,chris.webb.mp@parliament.uk
Michelle,Welsh,Michelle Welsh,"Welsh, Michelle",Labour,Sherwood Forest,House of Commons,London,SW1A 0AA,michelle.welsh.mp@parliament.uk
Catherine,West,Catherine West,"West, Catherine",Labour,Hornsey and Friern Barnet,House of Commons,London,SW1A 0AA,catherine.west.mp@parliament.uk
Andrew,Western,Andrew Western,"Western, Andrew",Labour,Stretford and Urmston,House of Commons,London,SW1A 0AA,andrew.western.mp@parliament.uk
Matt,Western,Matt Western,"Western, Matt",Labour,Warwick and Leamington,House of Commons,London,SW1A 0AA,matt.western.mp@parliament.uk
Helen,Whately,Helen Whately,"Whately, Helen",Conservative,Faversham and Mid Kent,House of Commons,London,SW1A 0AA,helen.whately.mp@parliament.uk
Michael,Wheeler,Michael Wheeler,"Wheeler, Michael",Labour,Worsley and Eccles,House of Commons,London,SW1A 0AA,michael.wheeler.mp@parliament.uk
John,Whitby,John Whitby,"Whitby, John",Labour,Derbyshire Dales,House of Commons,London,SW1A 0AA,john.whitby.mp@parliament.uk
Jo,White,Jo White,"White, Jo",Labour,Bassetlaw,House of Commons,London,SW1A 0AA,jo.white.mp@parliament.uk
Katie,White,Katie White,"White, Katie",Labour,Leeds North West,House of Commons,London,SW1A 0AA,katie.white.mp@parliament.uk
John,Whittingdale,Sir John Whittingdale,"Whittingdale, Sir John",Conservative,Maldon,House of Commons,London,SW1A 0AA,john.whittingdale.mp@parliament.uk
Nadia,Whittome,Nadia Whittome,"Whittome, Nadia",Labour,Nottingham East,House of Commons,London,SW1A 0AA,nadia.whittome.mp@parliament.uk
James,Wild,James Wild,"Wild, James",Conservative,North West Norfolk,House of Commons,London,SW1A 0AA,james.wild.mp@parliament.uk
Max,Wilkinson,Max Wilkinson,"Wilkinson, Max",Liberal Democrat,Cheltenham,House of Commons,London,SW1A 0AA,max.wilkinson.mp@parliament.uk
David,Williams,David Williams,"Williams, David",Labour,Stoke-on-Trent North,House of Commons,London,SW1A 0AA,david.williams.mp@parliament.uk
Gavin,Williamson,Sir Gavin Williamson,"Williamson, Sir Gavin",Conservative,"Stone, Great Wyrley and Penkridge",House of Commons,London,SW1A 0AA,gavin.williamson.mp@parliament.uk
Munira,Wilson,Munira Wilson,"Wilson, Munira",Liberal Democrat,Twickenham,House of Commons,London,SW1A 0AA,munira.wilson.mp@parliament.uk
Sammy,Wilson,Sammy Wilson,"Wilson, Sammy",Democratic Unionist Party,East Antrim,House of Commons,London,SW1A 0AA,barronj@parliament.uk
Pete,Wishart,Pete Wishart,"Wishart, Pete",Scottish National Party,Perth and Kinross-shire,House of Commons,London,SW1A 0AA,pete.wishart.mp@parliament.uk
Steve,Witherden,Steve Witherden,"Witherden, Steve",Labour,Montgomeryshire and Glyndŵr,House of Commons,London,SW1A 0AA,steve.witherden.mp@parliament.uk
Mike,Wood,Mike Wood,"Wood, Mike",Conservative,Kingswinford and South Staffordshire,House of Commons,London,SW1A 0AA,mike.wood.mp@parliament.uk
Sean,Woodcock,Sean Woodcock,"Woodcock, Sean",Labour,Banbury,House of Commons,London,SW1A 0AA,sean.woodcock.mp@parliament.uk
Jeremy,Wright,Sir Jeremy Wright,"Wright, Sir Jeremy",Conservative,Kenilworth and Southam,House of Commons,London,SW1A 0AA,Jeremy.wright.mp@parliament.uk
Rosie,Wrighting,Rosie Wrighting,"Wrighting, Rosie",Labour,Kettering,House of Commons,London,SW1A 0AA,rosie.wrighting.mp@parliament.uk
Martin,Wrigley,Martin Wrigley,"Wrigley, Martin",Liberal Democrat,Newton Abbot,House of Commons,London,SW1A 0AA,martin.wrigley.mp@parliament.uk
Yuan,Yang,Yuan Yang,"Yang, Yuan",Labour,Earley and Woodley,House of Commons,London,SW1A 0AA,yuan.yang.mp@parliament.uk
Mohammad,Yasin,Mohammad Yasin,"Yasin, Mohammad",Labour,Bedford,House of Commons,London,SW1A 0AA,mohammad.yasin.mp@parliament.uk
Steve,Yemm,Steve Yemm,"Yemm, Steve",Labour,Mansfield,House of Commons,London,SW1A 0AA,steve.yemm.mp@parliament.uk
Claire,Young,Claire Young,"Young, Claire",Liberal Democrat,Thornbury and Yate,House of Commons,London,SW1A 0AA,claire.young.mp@parliament.uk
Daniel,Zeichner,Daniel Zeichner,"Zeichner, Daniel",Labour,Cambridge,House of Commons,London,SW1A 0AA,daniel@danielzeichner.co.uk
